-- phpMyAdmin SQL Dump
-- version 4.8.3
-- https://www.phpmyadmin.net/
--
-- Host: 127.0.0.1
-- Generation Time: Nov 19, 2023 at 11:32 PM
-- Server version: 10.1.35-MariaDB
-- PHP Version: 7.2.9

SET SQL_MODE = "NO_AUTO_VALUE_ON_ZERO";
SET AUTOCOMMIT = 0;
START TRANSACTION;
SET time_zone = "+00:00";


/*!40101 SET @OLD_CHARACTER_SET_CLIENT=@@CHARACTER_SET_CLIENT */;
/*!40101 SET @OLD_CHARACTER_SET_RESULTS=@@CHARACTER_SET_RESULTS */;
/*!40101 SET @OLD_COLLATION_CONNECTION=@@COLLATION_CONNECTION */;
/*!40101 SET NAMES utf8mb4 */;

--
-- Database: `vaccunnadb`
--

-- --------------------------------------------------------

--
-- Table structure for table `appointmenttable`
--

CREATE TABLE `appointmenttable` (
  `appt_id` int(11) NOT NULL,
  `userid` int(11) NOT NULL,
  `cid` int(11) NOT NULL,
  `vacid` int(11) NOT NULL,
  `appt_time` time DEFAULT NULL,
  `appt_date` date NOT NULL,
  `dose` int(11) NOT NULL,
  `child_name` varchar(50) NOT NULL,
  `guardian_name` varchar(50) NOT NULL,
  `contact_number` varchar(50) DEFAULT NULL,
  `age` varchar(50) DEFAULT NULL,
  `email` varchar(50) NOT NULL,
  `appointment_status` int(11) DEFAULT '0',
  `vaccine_administer` varchar(100) DEFAULT NULL,
  `for_reason` varchar(50) DEFAULT NULL
) ENGINE=InnoDB DEFAULT CHARSET=utf8mb4;

--
-- Dumping data for table `appointmenttable`
--

INSERT INTO `appointmenttable` (`appt_id`, `userid`, `cid`, `vacid`, `appt_time`, `appt_date`, `dose`, `child_name`, `guardian_name`, `contact_number`, `age`, `email`, `appointment_status`, `vaccine_administer`, `for_reason`) VALUES
(92, 35, 14, 5, '23:03:00', '2023-11-23', 1, 'dwewqe gdfgdfg', 'dasd', '09987414131', '0', 'jw@gmail.com', 2, 'JABAR', 'Vaccination'),
(93, 35, 14, 1, '23:03:00', '2023-11-23', 1, 'dwewqe gdfgdfg', 'dasd', '09987414131', '0', 'jw@gmail.com', 2, 'JABAR', 'Vaccination'),
(94, 35, 24, 1, '22:08:00', '2023-11-23', 1, 'New name lastname New name', 'Father', '09987414131', '0', 'jw@gmail.com', 2, 'JABAR', 'Vaccination'),
(95, 35, 14, 12, '23:06:00', '2023-11-23', 1, 'dwewqe gdfgdfg', 'dasd', '09987414131', '0', 'jw@gmail.com', 2, 'JABAR', 'Vaccination'),
(96, 35, 14, 7, '23:06:00', '2023-11-23', 1, 'dwewqe gdfgdfg', 'dasd', '09987414131', '0', 'jw@gmail.com', 3, NULL, 'Vaccination'),
(97, 35, 16, 7, '00:18:00', '2023-11-23', 1, 'final na test final na test', 'final na test', '09987414131', '0', 'jw@gmail.com', 2, 'JABAR', 'Vaccination'),
(98, 35, 16, 14, '00:20:00', '2023-11-23', 1, 'final na test final na test', 'final na test', '09987414131', '0', 'jw@gmail.com', 2, 'JABAR', 'Vaccination'),
(99, 35, 89, 1, NULL, '2023-11-08', 1, 'Sawndass 23123123 Music', 'John Wilson', '09987414131 ', NULL, 'jw@gmail.com ', 2, NULL, 'Vaccination'),
(100, 35, 95, 1, NULL, '2023-11-02', 1, 'tower doom of', 'John Wilson', '09987414131 ', NULL, 'jw@gmail.com ', 2, NULL, 'Vaccination'),
(101, 35, 95, 16, NULL, '2023-11-08', 1, 'tower doom of', 'John Wilson', '09987414131 ', NULL, 'jw@gmail.com ', 2, NULL, 'Vaccination'),
(102, 35, 97, 1, NULL, '2023-11-10', 1, 'weqwe123 weqwe123 weqwe123', 'John Wilson', '09987414131 ', NULL, 'jw@gmail.com ', 2, NULL, 'Vaccination'),
(103, 35, 102, 1, NULL, '2023-11-02', 1, 'wqewq qweqwe eqwe', 'John Wilson', '09987414131 ', NULL, 'jw@gmail.com ', 2, NULL, 'Vaccination'),
(104, 35, 96, 1, '05:43:00', '2023-11-25', 1, 'huling sandali', 'eqweqwe', '09987414131', '0', 'jw@gmail.com', 1, NULL, 'Vaccination'),
(105, 35, 14, 9, '04:46:00', '2023-11-23', 1, 'gdfgdfg dwewqe', 'dasd', '09987414131', '0', 'jw@gmail.com', 1, NULL, 'Vaccination'),
(107, 35, 87, 1, '17:54:00', '2023-11-23', 1, 'dfd fdgd', 'fgf', '09987414131', '0', 'jw@gmail.com', 1, NULL, 'Vaccination'),
(108, 35, 14, 14, '08:03:00', '2023-11-23', 1, 'gdfgdfg dwewqe', 'dasd', '09987414131', '0', 'jw@gmail.com', 1, NULL, 'Vaccination'),
(113, 35, 32, 9, '18:32:00', '2023-11-23', 1, 'mmm mmm', 'mmm', '09987414131', '0', 'jw@gmail.com', 1, NULL, 'Vaccination'),
(114, 35, 32, 9, '18:32:00', '2023-11-23', 1, 'mmm mmm', 'mmm', '09987414131', '0', 'jw@gmail.com', 1, NULL, 'Vaccination'),
(115, 35, 32, 9, '18:32:00', '2023-11-23', 1, 'mmm mmm', 'mmm', '09987414131', '0', 'jw@gmail.com', 1, NULL, 'Vaccination'),
(116, 35, 32, 1, '09:34:00', '2023-11-25', 1, 'mmm mmm', 'mmm', '09987414131', '0', 'jw@gmail.com', 1, NULL, 'Vaccination'),
(117, 35, 32, 1, '09:34:00', '2023-11-25', 1, 'mmm mmm', 'mmm', '09987414131', '0', 'jw@gmail.com', 1, NULL, 'Vaccination'),
(118, 35, 32, 7, '06:35:00', '2023-11-23', 1, 'mmm mmm', 'mmm', '09987414131', '0', 'jw@gmail.com', 1, NULL, 'Vaccination'),
(119, 35, 32, 7, '06:35:00', '2023-11-23', 1, 'mmm mmm', 'mmm', '09987414131', '0', 'jw@gmail.com', 1, NULL, 'Vaccination'),
(120, 35, 32, 14, '06:36:00', '2023-11-23', 1, 'mmm mmm', 'mmm', '09987414131', '0', 'jw@gmail.com', 1, NULL, 'Vaccination'),
(121, 35, 12, 0, '06:37:00', '2023-11-23', 0, 'gdfgdfg dwewqe', 'dasd', '09987414131', '0', 'jw@gmail.com', 4, 'JABAR', 'Consultation'),
(122, 35, 12, 7, '06:39:00', '2023-11-23', 1, 'dwewqe gdfgdfg', 'dasd', '09987414131', '0', 'jw@gmail.com', 1, NULL, 'Vaccination'),
(123, 35, 12, 9, '06:40:00', '2023-11-23', 1, 'dwewqe gdfgdfg', 'dasd', '09987414131', '0', 'jw@gmail.com', 2, 'JABAR', 'Vaccination'),
(124, 35, 20, 0, '06:52:00', '2023-11-23', 0, 'input lastname', 'fathersname', '09987414131', '0', 'jw@gmail.com', 1, NULL, 'Consultation'),
(128, 0, 0, 1, NULL, '2023-11-18', 1, 'sad', 'ewqeqwe', '213123', '12', 'jjsanchez1829@gmail.com', 5, NULL, 'Vaccination'),
(129, 0, 0, 7, NULL, '2023-11-18', 1, 'Sana', 'Im Nayeon', '098823212', '37', 'jjsanchez1829@gmail.com', 5, NULL, 'Vaccination'),
(130, 0, 0, 0, NULL, '2023-11-18', 0, '3123123123', 'ewqeqwe2312', '23123', '2131', '22313', 5, NULL, 'Consultation'),
(131, 0, 0, 0, NULL, '2023-11-19', 0, '', 'Masashi Kishimoto', '2321321', 'Ichiro Oda', '', 5, NULL, 'Consultation');

-- --------------------------------------------------------

--
-- Table structure for table `business_day`
--

CREATE TABLE `business_day` (
  `business_day_id` text NOT NULL,
  `available_date` date NOT NULL,
  `time_from` time DEFAULT NULL,
  `time_to` time DEFAULT NULL,
  `description` varchar(250) DEFAULT NULL
) ENGINE=InnoDB DEFAULT CHARSET=utf8mb4;

--
-- Dumping data for table `business_day`
--

INSERT INTO `business_day` (`business_day_id`, `available_date`, `time_from`, `time_to`, `description`) VALUES
('170069400017003022601700302260', '2023-11-23', '11:11:00', '11:11:00', 'JABAR'),
('170086680017003058601700305920', '2023-11-25', '12:11:00', '12:12:00', 'Stephen Speaks'),
('170069400017003071201700307120', '2023-11-23', '12:32:00', '12:32:00', 'wqewqe');

-- --------------------------------------------------------

--
-- Table structure for table `childtable`
--

CREATE TABLE `childtable` (
  `cid` int(11) NOT NULL,
  `userid` int(11) NOT NULL,
  `child_firstname` varchar(60) NOT NULL,
  `child_lastname` varchar(60) NOT NULL,
  `child_middlename` varchar(60) NOT NULL,
  `birthdate` date NOT NULL,
  `mothername` varchar(60) NOT NULL,
  `fathername` varchar(60) NOT NULL,
  `child_age` int(11) NOT NULL,
  `gender` varchar(20) DEFAULT NULL
) ENGINE=InnoDB DEFAULT CHARSET=utf8mb4;

--
-- Dumping data for table `childtable`
--

INSERT INTO `childtable` (`cid`, `userid`, `child_firstname`, `child_lastname`, `child_middlename`, `birthdate`, `mothername`, `fathername`, `child_age`, `gender`) VALUES
(1, 34, 'test', 'test2', 'n', '2009-10-01', 'yyyy', 'xxxx', 34, 'Male'),
(2, 34, 'jj', 'adsad', 'm', '2022-10-06', 'Testing mother', 'testiing father', 2, 'Male'),
(3, 35, 'Mori', 'Harris', 'John', '2023-07-07', 'odette samano', 'france samano', 0, 'Male'),
(5, 35, 'ewqewq', 'ewqe', 'qwewe', '2023-10-14', 'ewqe', 'ew', 0, 'Male'),
(6, 36, 'Testcase1`', 'Testcase1`lastname', 'Testcase1`middlename', '2021-02-13', 'Testcase1`father', 'Testcase1`mother', 1, 'Male'),
(8, 35, 'test4', 'test4', 'test4', '2021-02-13', 'test4', 'test4', 0, 'Male'),
(9, 35, 'test4', 'test4', 'test4', '2021-02-13', 'test4', 'test4', 0, 'Male'),
(10, 35, 'test4', 'test4', 'test4', '2021-02-13', 'test4', 'test4', 0, 'Male'),
(11, 35, 'test4', 'test4', 'test4', '2021-02-13', 'test4', 'test4', 0, 'Male'),
(12, 35, 'gdfgdfg', 'dwewqe', 'dsad', '2023-06-14', 'dasd', 'weq', 0, 'Male'),
(13, 35, 'gdfgdfg', 'dwewqe', 'dsad', '2023-06-14', 'dasd', 'weq', 0, 'Male'),
(14, 35, 'gdfgdfg', 'dwewqe', 'dsad', '2023-06-14', 'dasd', 'weq', 0, 'Male'),
(16, 35, 'final na test', 'final na test', 'final na test', '2023-07-04', 'final na test', 'final na test', 0, 'Male'),
(17, 36, 'Testing', 'Testlast', '.TestMid', '2023-09-07', 'Testing`father', 'Testing`mother', 2, 'Male'),
(18, 34, 'Baby', 'Ko', 'Bebe', '2023-07-15', 'ewqe', 'qwe', 0, 'Male'),
(19, 35, 'Baby', 'Ko', 'Bebe', '2023-07-15', 'ewqe', 'qwe', 0, 'Male'),
(20, 35, 'input', 'lastname', 'midname', '2023-08-09', 'fathersname', 'mothersname', 0, 'Male'),
(21, 36, 'Janjan', 'Stella', 'heehehehds', '2023-09-07', 'Janjan Father', 'Janjan Mother', 0, 'Male'),
(22, 36, 'Jan', 'Stella', 'heehehehds', '2023-09-07', 'Janjan Father', 'Janjan Mother', 0, 'Male'),
(23, 35, 'New name', 'New name lastname', 'new name mid name', '2023-08-10', 'Father', 'Mother', 0, 'Male'),
(24, 35, 'New name', 'New name lastname', 'new name mid name', '2023-08-10', 'Father', 'Mother', 0, 'Male'),
(25, 31, 'New name', 'New name lastname', 'new name mid name', '2023-08-10', 'Father', 'Mother', 0, 'Male'),
(26, 37, 'Mahal', 'Kita', 'Plss', '2023-11-04', 'Laham', 'Hamla', 0, 'Male'),
(27, 37, 'HAROLD ANGELO', 'TALAGTAG', 'SAMANO', '2023-10-04', 'Janjan Father', 'Janjan Mother', 0, 'Male'),
(28, 35, 'Tam', 'Kench', 'Hiro', '2023-10-04', 'me', 'em', 0, 'Male'),
(29, 35, 'Harvey', 'Smith', 'Ma', '2023-09-06', 'Har', 'Vey', 0, 'Male'),
(30, 35, 'test12345', 'test12345', 'test12345', '2023-11-03', 'test12345', 'test12345', 0, 'Male'),
(31, 35, 'test123456', 'test123456', 'test123456', '2023-11-03', 'test12345', 'test123456', 0, 'Male'),
(32, 35, 'mmm', 'mmm', 'mmm', '2023-09-02', 'mmm', 'mmm', 0, 'Male'),
(33, 35, 'me', 'me', 'me', '2023-10-02', 'me', 'me', 0, 'Male'),
(34, 35, 'bebe', 'bebe', 'bebe', '2023-09-01', 'bebe', 'bebe', 0, 'Male'),
(35, 35, 'bebe', 'bebe', 'bebe', '2023-09-01', 'bebe', 'bebe', 0, 'Male'),
(36, 35, 'bebe', 'bebe', 'bebe', '2023-09-01', 'bebe', 'bebe', 0, 'Male'),
(37, 35, 'amp', 'amp', 'qmp', '2023-09-01', 'amp', 'amp', 0, 'Male'),
(38, 35, 'shhjdas', 'sadhuahda', 'dahsuhda', '2023-10-16', 'Har', 'asda', 0, 'Male'),
(39, 35, 'WQWEW', 'WEQEQE', 'WEQWEWQ', '2023-09-01', 'QWEQWEWQ', 'WEQEQWE', 0, 'Male'),
(40, 35, 'ewqeqweq', 'qweeqe', 'eweqweq', '2023-09-07', 'qweqweqwe', 'weeqe', 0, 'Male'),
(41, 35, 'ghost', 'data', 'test', '2023-11-01', 'kakang', 'budoy', 0, 'Male'),
(42, 35, 'ghost', 'data', 'test', '2023-11-01', 'kakang', 'budoy', 0, 'Male'),
(43, 35, 'ghost', 'data', 'test', '2023-11-01', 'kakang', 'budoy', 0, 'Male'),
(44, 35, 'ghost', 'data', 'test', '2023-11-01', 'kakang', 'budoy', 0, 'Male'),
(45, 35, 'ghost', 'data', 'last', '2023-11-01', 'caluag', 'ed', 0, 'Male'),
(46, 35, 'ghost', 'data', 'last', '2023-11-01', 'caluag', 'ed', 0, 'Male'),
(47, 35, 'nandito ', 'parin sakit', 'ng form niyo', '2023-11-01', 'nirefresh hahaha', 'auto insert pag ', 0, 'Male'),
(48, 35, 'sadad', 'asdadsada', 'dasdadsad', '2023-10-04', 'sadsad', 'asdad', 0, 'Male'),
(49, 31, 'hrhr', 'hrhr', 'hrhrh', '2023-10-12', 'hrhr', 'hrhr', 0, 'Male'),
(50, 31, 'gsdgs', 'sdgsgsg', 'sdgsdgsgs', '2023-10-31', 'gsgds', 'ddsgsg', 0, 'Male'),
(51, 31, '12', '122', '2313', '2023-10-19', '2131', '213213', 0, 'Male'),
(52, 31, 'tyt', 'yty', 'tyty', '2023-10-17', 'ytyty', 'tyty', 0, 'Male'),
(53, 31, '1213', '321wqeq', '12312qe', '2023-11-02', 'hfghgfh', '12312ewq', 0, 'Male'),
(54, 31, '123213QWE', 'WQEQWE', '12312QEWE', '2023-11-01', '12EQWE', 'QWEQ123', 0, 'Male'),
(55, 35, 'tyyrty', 'ryryrfggfd', 'erterdf', '2023-11-06', 'ertegfdfge', 'grtegfdfg', 0, 'Male'),
(56, 35, '3424weqw', '13qweae', '12eqweq', '2023-11-05', '31eqewqe', 'eqweqwe', 0, 'Male'),
(57, 35, '121312', '3123123', 'WEQWEQ1', '2023-10-11', '313', 'Janjan Father31', 0, 'Male'),
(58, 35, 'SDASDA', 'DADASDSAD', 'ADASDSA', '2023-11-12', 'DADAD', 'ASDADAD', 0, 'Male'),
(59, 35, 'QEDWQD', 'QDASDSD', 'QWDQ', '2023-11-12', 'DASDASD', 'QDDSADQ', 0, 'Male'),
(60, 35, 'QWEQDA', 'DADQWDA', 'DAQD', '2023-11-01', 'SDADQW', 'DASDQDWA', 0, 'Male'),
(61, 31, 'qwdqwq', 'asdwqda', 'dqwda', '2023-11-11', 'dqwd', 'asdqwd', 0, 'Male'),
(62, 31, '12eeq', '1eqe1', 'qweq', '2023-11-11', '1eq', 'e1e2qw', 0, 'Male'),
(63, 31, '13wqewq', '12eqw', '12eq', '2023-11-12', '1e1q', 'e12eq', 0, 'Male'),
(64, 31, 'weda', 'wqdaq', 'sadqwd', '2023-11-11', 'ad', 'adqwds', 0, 'Male'),
(65, 31, 'wqe', 'eqwe', 'qewqe', '2023-11-06', 'eqeq', 'eqew', 0, 'Male'),
(66, 31, 'wqe', 'eqwe', 'qewqe', '2023-11-06', 'eqeq', 'eqew', 0, 'Male'),
(67, 31, '1323qweq', '12eqwe', '12eqw', '2023-11-13', 'e1eqwe', '12eqwe', 0, 'Male'),
(68, 31, '1323qweq', '12eqwe', '12eqw', '2023-11-13', 'e1eqwe', '12eqwe', 0, 'Male'),
(69, 31, '32132', '32132', '32132', '2023-11-08', '32132', '32132', 0, 'Male'),
(70, 31, '42432', '42432', '42432', '2023-11-02', '42432', '42432', 0, 'Male'),
(71, 31, 'jhruihjtirejt2', 'jhruihjtirejt2', 'jhruihjtirejt2', '2023-11-09', 'jhruihjtirejt2', 'jhruihjtirejt2', 0, 'Male'),
(72, 31, 'sads', 'adasd', 'asdasda', '2023-11-11', 'sdadsa', 'dadada', 0, 'Male'),
(73, 31, 'HAROLD ANGELO', 'TALAGTAG', 'SAMANO', '2023-11-02', '231321', 'ewqe', 0, 'Male'),
(74, 35, 'asdasd', 'adsada', 'dadad', '2023-11-10', 'asda', 'dsadad', 0, 'Male'),
(75, 35, 'asdasd', 'adsada', 'dadad', '2023-11-10', 'asda', 'dsadad', 0, 'Male'),
(76, 35, 'ASD', 'ASDASDAD', 'ASDSDAASD', '2023-11-10', 'ASDAD', 'ADAD', 0, 'Male'),
(77, 35, 'da', 'sadadd', 'asdasd', '2023-11-09', 'dad', 'adas', 0, 'Male'),
(78, 35, 'sada', 'dadadad', 'dasdada', '2023-10-30', 'dadsad', 'adasdad', 0, 'Male'),
(79, 35, 'sad', 'asdadasd', 'asdadsad', '2023-11-10', 'asda', 'dsadasd', 0, 'Male'),
(80, 35, 'sad', 'asdadasd', 'asdadsad', '2023-11-10', 'asda', 'dsadasd', 0, 'Male'),
(81, 35, 'sda', 'adsa', 'dasda', '2023-11-06', 'dad', 'ada', 0, 'Male'),
(82, 35, 'asd', 'asdd', 'dads', '2023-11-11', 'adad', 'sada', 0, 'Male'),
(83, 35, 'adas', 'dadsad', 'dsasd', '2023-11-11', 'adsda', 'dad', 0, 'Male'),
(84, 35, 'adasdas', 'adad', 'dsad', '2022-03-12', 'asdads', 'dasdsa', 0, 'Male'),
(85, 35, 'QEQW', 'EEQE', 'QEE', '2023-11-06', 'QWE', 'QEW', 0, 'Male'),
(86, 35, 'asda', 'dad', 'sda', '2023-11-09', 'sda', 'dsad', 0, 'Male'),
(87, 35, 'dfd', 'fdgd', 'dgg', '2023-11-11', 'fgf', 'gfg', 0, 'Male'),
(88, 35, 'SAD', 'ADADD', 'ASDSDAD', '2023-11-10', 'ASDDA', 'SDAD', 0, 'Male'),
(89, 35, 'Sawndass', 'Music', '23123123', '2023-11-02', 'Eight', 'Seven', 0, 'Male'),
(90, 35, 'test', 'test', 'test', '2023-11-07', '213', 'wqe', 0, 'Male'),
(91, 35, 'test', 'test', 'test', '2023-11-07', '213', 'wqe', 0, 'Male'),
(92, 35, '1243rer', '1243rer', '1243rer', '2023-11-09', 'we21e', 'eqweq', 0, 'Male'),
(93, 35, 'ewqeqwe', '132', 'ewewqewqe', '2023-11-16', '1312', '321312', 0, 'Male'),
(94, 35, 'ewqe', 'dsda', 'wqeqwe', '2023-11-08', 'e', 'wqeqwe', 0, 'Male'),
(95, 35, 'tower', 'of', 'doom', '2023-11-16', 'dwqdqwd', '313123', 0, 'Male'),
(96, 35, 'huling', 'sandali', 'dadasdasd', '2023-11-10', 'eqweqwe', 'qweqwe', 0, 'Male'),
(97, 35, 'weqwe123', 'weqwe123', 'weqwe123', '2023-11-10', 'weqwe123', 'weqwe123', 0, 'Male'),
(98, 35, 'rewrew', 'rewrewrewrew', 'ewrwer', '2023-11-08', 'rewr', 'ewrewr', 0, 'Male'),
(99, 35, 'ewqe2131232131', '23213', '123123', '2023-11-09', '13123', '12312', 0, 'Male'),
(100, 35, 'ewqe2', '13123', '123123', '2023-11-03', '21eqw', 'eq', 0, 'Male'),
(101, 35, 'wqewq2132', 'wqewq2132', 'wqewq2132', '2023-11-03', 'wqewq2132', 'wqewq2132', 0, 'Male'),
(102, 35, 'wqewq', 'eqwe', 'qweqwe', '2023-11-09', 'qwe', 'qweq', 0, 'Male'),
(103, 35, '3123', '342', '313', '2023-11-02', '2342', 'eqweqe', 0, 'Female');

-- --------------------------------------------------------

--
-- Table structure for table `child_vaccine_status`
--

CREATE TABLE `child_vaccine_status` (
  `cvax_status_id` int(11) NOT NULL,
  `cid` int(11) NOT NULL,
  `vac_name` varchar(50) NOT NULL,
  `dosage_status` int(11) NOT NULL DEFAULT '0' COMMENT '0 - none \r\n1 = 1st dose \r\n2 = 2nd dose',
  `status` int(11) NOT NULL DEFAULT '0',
  `recommended_age` varchar(100) NOT NULL DEFAULT 'No',
  `reco_age` varchar(1000) NOT NULL
) ENGINE=InnoDB DEFAULT CHARSET=utf8mb4;

--
-- Dumping data for table `child_vaccine_status`
--

INSERT INTO `child_vaccine_status` (`cvax_status_id`, `cid`, `vac_name`, `dosage_status`, `status`, `recommended_age`, `reco_age`) VALUES
(1, 1, 'BCG', 0, 0, '1st dose', ''),
(2, 1, 'HepB1', 0, 0, '1st dose', ''),
(3, 1, 'HepB2', 0, 0, 'No', ''),
(4, 1, 'HepB3', 0, 0, '', ''),
(5, 1, 'DTaP1', 0, 0, '1st dose', ''),
(6, 1, 'DTaP2', 0, 0, 'No', ''),
(7, 1, 'HiB1', 0, 0, '1st dose', ''),
(8, 1, 'HiB2', 0, 0, 'No', ''),
(9, 1, 'IPV1', 0, 0, '1st dose', ''),
(10, 1, 'IPV2', 0, 0, 'No', ''),
(11, 1, 'IPV3', 0, 0, '', ''),
(12, 1, 'PCV1', 0, 0, '1st dose', ''),
(13, 1, 'PCV2', 0, 0, 'No', ''),
(14, 1, 'Rotavirus1', 0, 0, '1st dose', ''),
(15, 1, 'Rotavirus2', 0, 0, 'No', ''),
(16, 1, 'MMR', 0, 0, '1st dose', ''),
(17, 1, 'Influenza', 0, 0, '1st dose', ''),
(18, 1, 'HepA1', 0, 0, '1st dose', ''),
(19, 1, 'HepA2', 0, 0, 'No', ''),
(20, 0, 'DTaP3', 0, 0, '', ''),
(21, 3, 'BCG', 0, 0, '1st dose', ''),
(22, 5, 'test vaccine', 0, 0, 'No', ''),
(23, 11, 'BCG', 0, 0, '1st dose', ''),
(24, 11, 'HepB1', 0, 0, '1st dose', ''),
(25, 11, 'HepB2', 0, 0, 'No', ''),
(26, 11, 'HepB3', 0, 0, 'No', ''),
(27, 11, 'DTaP1', 0, 0, '1st dose', 'recommended age \"6 weeks\"'),
(28, 11, 'DTaP2', 0, 0, 'No', ''),
(29, 11, 'HiB1', 0, 0, '1st dose', ''),
(30, 11, 'HiB2', 0, 0, 'No', ''),
(31, 11, 'IPV1', 0, 0, '1st dose', ''),
(32, 11, 'IPV2', 0, 0, 'No', ''),
(33, 11, 'IPV3', 0, 0, 'No', ''),
(34, 11, 'PCV1', 0, 0, '1st dose', ''),
(35, 11, 'PCV2', 0, 0, 'No', ''),
(36, 11, 'Rotavirus1', 0, 0, '1st dose', ''),
(37, 11, 'Rotavirus2', 0, 0, 'No', ''),
(38, 11, 'MMR', 0, 0, '1st dose', ''),
(39, 11, 'Influenza', 0, 0, '1st dose', ''),
(40, 11, 'HepA1', 0, 0, '1st dose', ''),
(41, 11, 'HepA2', 0, 0, 'No', ''),
(42, 11, 'DTaP3', 0, 0, 'No', ''),
(43, 12, 'BCG', 0, 0, '1st dose', ''),
(44, 12, 'HepB1', 0, 0, '1st dose', ''),
(45, 12, 'HepB2', 0, 0, 'No', ''),
(46, 12, 'HepB3', 0, 0, 'No', ''),
(47, 12, 'DTaP1', 0, 0, '1st dose', ''),
(48, 12, 'DTaP2', 0, 0, 'No', ''),
(49, 12, 'HiB1', 1, 1, '1st dose', ''),
(50, 12, 'HiB2', 0, 0, 'No', ''),
(51, 12, 'IPV1', 1, 2, '1st dose', ''),
(52, 12, 'IPV2', 0, 0, 'No', ''),
(53, 12, 'IPV3', 0, 0, 'No', ''),
(54, 12, 'PCV1', 0, 0, '1st dose', ''),
(55, 12, 'PCV2', 0, 0, 'No', ''),
(56, 12, 'Rotavirus1', 0, 0, '1st dose', ''),
(57, 12, 'Rotavirus2', 0, 0, 'No', ''),
(58, 12, 'MMR', 0, 0, 'No', ''),
(59, 12, 'Influenza', 0, 0, 'No', ''),
(60, 12, 'HepA1', 0, 0, 'No', ''),
(61, 12, 'HepA2', 0, 0, 'No', ''),
(62, 12, 'DTaP3', 0, 0, 'No', ''),
(63, 13, 'BCG', 0, 0, '1st dose', ''),
(64, 13, 'HepB1', 0, 0, '1st dose', ''),
(65, 13, 'HepB2', 0, 0, 'No', ''),
(66, 13, 'HepB3', 0, 0, 'No', ''),
(67, 13, 'DTaP1', 0, 0, '1st dose', ''),
(68, 13, 'DTaP2', 0, 0, 'No', ''),
(69, 13, 'HiB1', 0, 0, '1st dose', ''),
(70, 13, 'HiB2', 0, 0, 'No', ''),
(71, 13, 'IPV1', 0, 0, '1st dose', ''),
(72, 13, 'IPV2', 0, 0, 'No', ''),
(73, 13, 'IPV3', 0, 0, 'No', ''),
(74, 13, 'PCV1', 0, 0, '1st dose', ''),
(75, 13, 'PCV2', 0, 0, 'No', ''),
(76, 13, 'Rotavirus1', 0, 0, '1st dose', ''),
(77, 13, 'Rotavirus2', 0, 0, 'No', ''),
(78, 13, 'MMR', 0, 0, 'No', ''),
(79, 13, 'Influenza', 0, 0, 'No', ''),
(80, 13, 'HepA1', 0, 0, 'No', ''),
(81, 13, 'HepA2', 0, 0, 'No', ''),
(82, 13, 'DTaP3', 0, 0, 'No', ''),
(83, 14, 'BCG', 1, 2, '1st dose', ''),
(84, 14, 'HepB1', 1, 1, '1st dose', ''),
(85, 14, 'HepB2', 0, 0, 'No', ''),
(86, 14, 'HepB3', 0, 0, 'No', ''),
(87, 14, 'DTaP1', 1, 2, '1st dose', ''),
(88, 14, 'DTaP2', 0, 0, 'No', ''),
(89, 14, 'HiB1', 0, 3, '1st dose', ''),
(90, 14, 'HiB2', 0, 0, 'No', ''),
(91, 14, 'IPV1', 1, 1, '1st dose', ''),
(92, 14, 'IPV2', 0, 0, 'No', ''),
(93, 14, 'IPV3', 0, 0, 'No', ''),
(94, 14, 'PCV1', 1, 2, '1st dose', ''),
(95, 14, 'PCV2', 0, 0, 'No', ''),
(96, 14, 'Rotavirus1', 1, 1, '1st dose', ''),
(97, 14, 'Rotavirus2', 0, 0, 'No', ''),
(98, 14, 'MMR', 0, 0, 'No', ''),
(99, 14, 'Influenza', 0, 0, 'No', ''),
(100, 14, 'HepA1', 0, 0, 'No', ''),
(101, 14, 'HepA2', 0, 0, 'No', ''),
(102, 14, 'DTaP3', 0, 0, 'No', ''),
(123, 16, 'BCG', 0, 0, '1st dose', ''),
(124, 16, 'HepB1', 0, 0, '1st dose', ''),
(125, 16, 'HepB2', 0, 0, '2nd dose', ''),
(126, 16, 'HepB3', 0, 0, 'No', ''),
(127, 16, 'DTaP1', 0, 0, '1st dose', ''),
(128, 16, 'DTaP2', 0, 0, 'No', ''),
(129, 16, 'HiB1', 1, 2, '1st dose', ''),
(130, 16, 'HiB2', 0, 0, 'No', ''),
(131, 16, 'IPV1', 0, 0, '1st dose', ''),
(132, 16, 'IPV2', 0, 0, 'No', ''),
(133, 16, 'IPV3', 0, 0, 'No', ''),
(134, 16, 'PCV1', 0, 0, '1st dose', ''),
(135, 16, 'PCV2', 0, 0, 'No', ''),
(136, 16, 'Rotavirus1', 1, 2, '1st dose', ''),
(137, 16, 'Rotavirus2', 0, 0, 'No', ''),
(138, 16, 'MMR', 0, 0, 'No', ''),
(139, 16, 'Influenza', 0, 0, 'No', ''),
(140, 16, 'HepA1', 0, 0, 'No', ''),
(141, 16, 'HepA2', 0, 0, 'No', ''),
(142, 16, 'DTaP3', 0, 0, 'No', ''),
(143, 17, 'BCG', 0, 0, '1st dose', ''),
(144, 17, 'HepB1', 0, 0, '1st dose', ''),
(145, 17, 'HepB2', 0, 0, 'No', ''),
(146, 17, 'HepB3', 0, 0, 'No', ''),
(147, 17, 'DTaP1', 0, 0, 'No', ''),
(148, 17, 'DTaP2', 0, 0, 'No', ''),
(149, 17, 'HiB1', 0, 0, 'No', ''),
(150, 17, 'HiB2', 0, 0, 'No', ''),
(151, 17, 'IPV1', 0, 0, 'No', ''),
(152, 17, 'IPV2', 0, 0, 'No', ''),
(153, 17, 'IPV3', 0, 0, 'No', ''),
(154, 17, 'PCV1', 0, 0, 'No', ''),
(155, 17, 'PCV2', 0, 0, 'No', ''),
(156, 17, 'Rotavirus1', 0, 0, 'No', ''),
(157, 17, 'Rotavirus2', 0, 0, 'No', ''),
(158, 17, 'MMR', 0, 0, 'No', ''),
(159, 17, 'Influenza', 0, 0, 'No', ''),
(160, 17, 'HepA1', 0, 0, 'No', ''),
(161, 17, 'HepA2', 0, 0, 'No', ''),
(162, 17, 'DTaP3', 0, 0, 'No', ''),
(163, 18, 'BCG', 0, 0, '1st dose', ''),
(164, 18, 'HepB1', 0, 0, '1st dose', ''),
(165, 18, 'HepB2', 0, 0, 'No', ''),
(166, 18, 'HepB3', 0, 0, 'No', ''),
(167, 18, 'DTaP1', 0, 0, '1st dose', ''),
(168, 18, 'DTaP2', 0, 0, 'No', ''),
(169, 18, 'HiB1', 0, 0, '1st dose', ''),
(170, 18, 'HiB2', 0, 0, 'No', ''),
(171, 18, 'IPV1', 0, 0, '1st dose', ''),
(172, 18, 'IPV2', 0, 0, 'No', ''),
(173, 18, 'IPV3', 0, 0, 'No', ''),
(174, 18, 'PCV1', 0, 0, '1st dose', ''),
(175, 18, 'PCV2', 0, 0, 'No', ''),
(176, 18, 'Rotavirus1', 0, 0, '1st dose', ''),
(177, 18, 'Rotavirus2', 0, 0, 'No', ''),
(178, 18, 'MMR', 0, 0, 'No', ''),
(179, 18, 'Influenza', 0, 0, 'No', ''),
(180, 18, 'HepA1', 0, 0, 'No', ''),
(181, 18, 'HepA2', 0, 0, 'No', ''),
(182, 18, 'DTaP3', 0, 0, 'No', ''),
(183, 19, 'BCG', 0, 0, '1st dose', ''),
(184, 19, 'HepB1', 0, 0, '1st dose', ''),
(185, 19, 'HepB2', 0, 0, '2nd dose', ''),
(186, 19, 'HepB3', 0, 0, 'No', ''),
(187, 19, 'DTaP1', 0, 0, '1st dose', ''),
(188, 19, 'DTaP2', 0, 0, 'No', ''),
(189, 19, 'HiB1', 0, 0, '1st dose', ''),
(190, 19, 'HiB2', 0, 0, 'No', ''),
(191, 19, 'IPV1', 0, 0, '1st dose', ''),
(192, 19, 'IPV2', 0, 0, 'No', ''),
(193, 19, 'IPV3', 0, 0, 'No', ''),
(194, 19, 'PCV1', 0, 0, '1st dose', ''),
(195, 19, 'PCV2', 0, 0, 'No', ''),
(196, 19, 'Rotavirus1', 0, 0, '1st dose', ''),
(197, 19, 'Rotavirus2', 0, 0, 'No', ''),
(198, 19, 'MMR', 0, 0, 'No', ''),
(199, 19, 'Influenza', 0, 0, 'No', ''),
(200, 19, 'HepA1', 0, 0, 'No', ''),
(201, 19, 'HepA2', 0, 0, 'No', ''),
(202, 19, 'DTaP3', 0, 0, 'No', ''),
(203, 20, 'BCG', 0, 0, '1st dose', ''),
(204, 20, 'HepB1', 0, 0, '1st dose', ''),
(205, 20, 'HepB2', 0, 0, '2nd dose', ''),
(206, 20, 'HepB3', 0, 0, 'No', ''),
(207, 20, 'DTaP1', 0, 0, '1st dose', ''),
(208, 20, 'DTaP2', 0, 0, 'No', ''),
(209, 20, 'HiB1', 0, 0, '1st dose', ''),
(210, 20, 'HiB2', 0, 0, 'No', ''),
(211, 20, 'IPV1', 0, 0, '1st dose', ''),
(212, 20, 'IPV2', 0, 0, 'No', ''),
(213, 20, 'IPV3', 0, 0, 'No', ''),
(214, 20, 'PCV1', 0, 0, '1st dose', ''),
(215, 20, 'PCV2', 0, 0, 'No', ''),
(216, 20, 'Rotavirus1', 0, 0, '1st dose', ''),
(217, 20, 'Rotavirus2', 0, 0, 'No', ''),
(218, 20, 'MMR', 0, 0, 'No', ''),
(219, 20, 'Influenza', 0, 0, 'No', ''),
(220, 20, 'HepA1', 0, 0, 'No', ''),
(221, 20, 'HepA2', 0, 0, 'No', ''),
(222, 20, 'DTaP3', 0, 0, 'No', ''),
(223, 22, 'BCG', 0, 0, '1st dose', ''),
(224, 22, 'HepB1', 0, 0, '1st dose', ''),
(225, 22, 'HepB2', 0, 0, 'No', ''),
(226, 22, 'HepB3', 0, 0, 'No', ''),
(227, 22, 'DTaP1', 0, 0, '1st dose', ''),
(228, 22, 'DTaP2', 0, 0, 'No', ''),
(229, 22, 'HiB1', 0, 0, '1st dose', ''),
(230, 22, 'HiB2', 0, 0, 'No', ''),
(231, 22, 'IPV1', 0, 0, '1st dose', ''),
(232, 22, 'IPV2', 0, 0, 'No', ''),
(233, 22, 'IPV3', 0, 0, 'No', ''),
(234, 22, 'PCV1', 0, 0, '1st dose', ''),
(235, 22, 'PCV2', 0, 0, 'No', ''),
(236, 22, 'Rotavirus1', 0, 0, '1st dose', ''),
(237, 22, 'Rotavirus2', 0, 0, 'No', ''),
(238, 22, 'MMR', 0, 0, 'No', ''),
(239, 22, 'Influenza', 0, 0, 'No', ''),
(240, 22, 'HepA1', 0, 0, 'No', ''),
(241, 22, 'HepA2', 0, 0, 'No', ''),
(242, 22, 'DTaP3', 0, 0, 'No', ''),
(243, 23, 'BCG', 0, 0, '1st dose', ''),
(244, 23, 'HepB1', 0, 0, '1st dose', ''),
(245, 23, 'HepB2', 0, 0, 'No', ''),
(246, 23, 'HepB3', 0, 0, 'No', ''),
(247, 23, 'DTaP1', 0, 0, '1st dose', ''),
(248, 23, 'DTaP2', 0, 0, 'No', ''),
(249, 23, 'HiB1', 0, 0, '1st dose', ''),
(250, 23, 'HiB2', 0, 0, 'No', ''),
(251, 23, 'IPV1', 0, 0, '1st dose', ''),
(252, 23, 'IPV2', 0, 0, 'No', ''),
(253, 23, 'IPV3', 0, 0, 'No', ''),
(254, 23, 'PCV1', 0, 0, '1st dose', ''),
(255, 23, 'PCV2', 0, 0, 'No', ''),
(256, 23, 'Rotavirus1', 0, 0, '1st dose', ''),
(257, 23, 'Rotavirus2', 0, 0, 'No', ''),
(258, 23, 'MMR', 0, 0, 'No', ''),
(259, 23, 'Influenza', 0, 0, 'No', ''),
(260, 23, 'HepA1', 0, 0, 'No', ''),
(261, 23, 'HepA2', 0, 0, 'No', ''),
(262, 23, 'DTaP3', 0, 0, 'No', ''),
(263, 24, 'BCG', 1, 2, '1st dose', ''),
(264, 24, 'HepB1', 0, 0, '1st dose', ''),
(265, 24, 'HepB2', 0, 0, 'No', ''),
(266, 24, 'HepB3', 0, 0, 'No', ''),
(267, 24, 'DTaP1', 0, 0, '1st dose', ''),
(268, 24, 'DTaP2', 0, 0, 'No', ''),
(269, 24, 'HiB1', 0, 0, '1st dose', ''),
(270, 24, 'HiB2', 0, 0, 'No', ''),
(271, 24, 'IPV1', 0, 0, '1st dose', ''),
(272, 24, 'IPV2', 0, 0, 'No', ''),
(273, 24, 'IPV3', 0, 0, 'No', ''),
(274, 24, 'PCV1', 0, 0, '1st dose', ''),
(275, 24, 'PCV2', 0, 0, 'No', ''),
(276, 24, 'Rotavirus1', 0, 0, '1st dose', ''),
(277, 24, 'Rotavirus2', 0, 0, 'No', ''),
(278, 24, 'MMR', 0, 0, 'No', ''),
(279, 24, 'Influenza', 0, 0, 'No', ''),
(280, 24, 'HepA1', 0, 0, 'No', ''),
(281, 24, 'HepA2', 0, 0, 'No', ''),
(282, 24, 'DTaP3', 0, 0, 'No', ''),
(283, 25, 'BCG', 0, 0, '1st dose', ''),
(284, 25, 'HepB1', 0, 0, '1st dose', ''),
(285, 25, 'HepB2', 0, 0, 'No', ''),
(286, 25, 'HepB3', 0, 0, 'No', ''),
(287, 25, 'DTaP1', 0, 0, '1st dose', ''),
(288, 25, 'DTaP2', 0, 0, 'No', ''),
(289, 25, 'HiB1', 0, 0, '1st dose', ''),
(290, 25, 'HiB2', 0, 0, 'No', ''),
(291, 25, 'IPV1', 0, 0, '1st dose', ''),
(292, 25, 'IPV2', 0, 0, 'No', ''),
(293, 25, 'IPV3', 0, 0, 'No', ''),
(294, 25, 'PCV1', 0, 0, '1st dose', ''),
(295, 25, 'PCV2', 0, 0, 'No', ''),
(296, 25, 'Rotavirus1', 0, 0, '1st dose', ''),
(297, 25, 'Rotavirus2', 0, 0, 'No', ''),
(298, 25, 'MMR', 0, 0, 'No', ''),
(299, 25, 'Influenza', 0, 0, 'No', ''),
(300, 25, 'HepA1', 0, 0, 'No', ''),
(301, 25, 'HepA2', 0, 0, 'No', ''),
(302, 25, 'DTaP3', 0, 0, 'No', ''),
(303, 26, 'BCG', 0, 0, 'No', ''),
(304, 26, 'HepB1', 0, 0, 'No', ''),
(305, 26, 'HepB2', 0, 0, 'No', ''),
(306, 26, 'HepB3', 0, 0, 'No', ''),
(307, 26, 'DTaP1', 0, 0, 'No', ''),
(308, 26, 'DTaP2', 0, 0, 'No', ''),
(309, 26, 'HiB1', 0, 0, 'No', ''),
(310, 26, 'HiB2', 0, 0, 'No', ''),
(311, 26, 'IPV1', 0, 0, 'No', ''),
(312, 26, 'IPV2', 0, 0, 'No', ''),
(313, 26, 'IPV3', 0, 0, 'No', ''),
(314, 26, 'PCV1', 0, 0, 'No', ''),
(315, 26, 'PCV2', 0, 0, 'No', ''),
(316, 26, 'Rotavirus1', 0, 0, 'No', ''),
(317, 26, 'Rotavirus2', 0, 0, 'No', ''),
(318, 26, 'MMR', 0, 0, 'No', ''),
(319, 26, 'Influenza', 0, 0, 'No', ''),
(320, 26, 'HepA1', 0, 0, 'No', ''),
(321, 26, 'HepA2', 0, 0, 'No', ''),
(322, 26, 'DTaP3', 0, 0, 'No', ''),
(323, 30, 'BCG', 0, 0, '1st dose', ''),
(324, 30, 'HepB1', 0, 0, '1st dose', ''),
(325, 30, 'HepB2', 0, 0, 'No', ''),
(326, 30, 'HepB3', 0, 0, 'No', ''),
(327, 30, 'DTaP1', 0, 0, 'No', ''),
(328, 30, 'DTaP2', 0, 0, 'No', ''),
(329, 30, 'HiB1', 0, 0, 'No', ''),
(330, 30, 'HiB2', 0, 0, 'No', ''),
(331, 30, 'IPV1', 0, 0, 'No', ''),
(332, 30, 'IPV2', 0, 0, 'No', ''),
(333, 30, 'IPV3', 0, 0, 'No', ''),
(334, 30, 'PCV1', 0, 0, 'No', ''),
(335, 30, 'PCV2', 0, 0, 'No', ''),
(336, 30, 'Rotavirus1', 0, 0, 'No', ''),
(337, 30, 'Rotavirus2', 0, 0, 'No', ''),
(338, 30, 'MMR', 0, 0, 'No', ''),
(339, 30, 'Influenza', 0, 0, 'No', ''),
(340, 30, 'HepA1', 0, 0, 'No', ''),
(341, 30, 'HepA2', 0, 0, 'No', ''),
(342, 30, 'DTaP3', 0, 0, 'No', ''),
(343, 31, 'BCG', 0, 0, '1st dose', ''),
(344, 31, 'HepB1', 0, 0, '1st dose', ''),
(345, 31, 'HepB2', 0, 0, 'No', ''),
(346, 31, 'HepB3', 0, 0, 'No', ''),
(347, 31, 'DTaP1', 0, 0, 'No', ''),
(348, 31, 'DTaP2', 0, 0, 'No', ''),
(349, 31, 'HiB1', 0, 0, 'No', ''),
(350, 31, 'HiB2', 0, 0, 'No', ''),
(351, 31, 'IPV1', 0, 0, 'No', ''),
(352, 31, 'IPV2', 0, 0, 'No', ''),
(353, 31, 'IPV3', 0, 0, 'No', ''),
(354, 31, 'PCV1', 0, 0, 'No', ''),
(355, 31, 'PCV2', 0, 0, 'No', ''),
(356, 31, 'Rotavirus1', 0, 0, 'No', ''),
(357, 31, 'Rotavirus2', 0, 0, 'No', ''),
(358, 31, 'MMR', 0, 0, 'No', ''),
(359, 31, 'Influenza', 0, 0, 'No', ''),
(360, 31, 'HepA1', 0, 0, 'No', ''),
(361, 31, 'HepA2', 0, 0, 'No', ''),
(362, 31, 'DTaP3', 0, 0, 'No', ''),
(363, 32, 'BCG', 1, 1, '1st dose', ''),
(364, 32, 'HepB1', 0, 0, '1st dose', ''),
(365, 32, 'HepB2', 0, 0, 'No', ''),
(366, 32, 'HepB3', 0, 0, 'No', ''),
(367, 32, 'DTaP1', 0, 0, '1st dose', ''),
(368, 32, 'DTaP2', 0, 0, 'No', ''),
(369, 32, 'HiB1', 1, 1, '1st dose', ''),
(370, 32, 'HiB2', 0, 0, 'No', ''),
(371, 32, 'IPV1', 1, 1, '1st dose', ''),
(372, 32, 'IPV2', 0, 0, 'No', ''),
(373, 32, 'IPV3', 0, 0, 'No', ''),
(374, 32, 'PCV1', 0, 0, '1st dose', ''),
(375, 32, 'PCV2', 0, 0, 'No', ''),
(376, 32, 'Rotavirus1', 1, 1, '1st dose', ''),
(377, 32, 'Rotavirus2', 0, 0, 'No', ''),
(378, 32, 'MMR', 0, 0, 'No', ''),
(379, 32, 'Influenza', 0, 0, 'No', ''),
(380, 32, 'HepA1', 0, 0, 'No', ''),
(381, 32, 'HepA2', 0, 0, 'No', ''),
(382, 32, 'DTaP3', 0, 0, 'No', ''),
(383, 33, 'BCG', 0, 0, 'No', ''),
(384, 33, 'HepB1', 0, 0, 'No', ''),
(385, 33, 'HepB2', 0, 0, 'No', ''),
(386, 33, 'HepB3', 0, 0, 'No', ''),
(387, 33, 'DTaP1', 0, 0, 'No', ''),
(388, 33, 'DTaP2', 0, 0, 'No', ''),
(389, 33, 'HiB1', 0, 0, 'No', ''),
(390, 33, 'HiB2', 0, 0, 'No', ''),
(391, 33, 'IPV1', 0, 0, 'No', ''),
(392, 33, 'IPV2', 0, 0, 'No', ''),
(393, 33, 'IPV3', 0, 0, 'No', ''),
(394, 33, 'PCV1', 0, 0, 'No', ''),
(395, 33, 'PCV2', 0, 0, 'No', ''),
(396, 33, 'Rotavirus1', 0, 0, 'No', ''),
(397, 33, 'Rotavirus2', 0, 0, 'No', ''),
(398, 33, 'MMR', 0, 0, 'No', ''),
(399, 33, 'Influenza', 0, 0, 'No', ''),
(400, 33, 'HepA1', 0, 0, 'No', ''),
(401, 33, 'HepA2', 0, 0, 'No', ''),
(402, 33, 'DTaP3', 0, 0, 'No', ''),
(403, 34, 'BCG', 0, 0, '1st dose', ''),
(404, 34, 'HepB1', 0, 0, '1st dose', ''),
(405, 34, 'HepB2', 0, 0, 'No', ''),
(406, 34, 'HepB3', 0, 0, 'No', ''),
(407, 34, 'DTaP1', 0, 0, '1st dose', ''),
(408, 34, 'DTaP2', 0, 0, 'No', ''),
(409, 34, 'HiB1', 0, 0, '1st dose', ''),
(410, 34, 'HiB2', 0, 0, 'No', ''),
(411, 34, 'IPV1', 0, 0, '1st dose', ''),
(412, 34, 'IPV2', 0, 0, 'No', ''),
(413, 34, 'IPV3', 0, 0, 'No', ''),
(414, 34, 'PCV1', 0, 0, '1st dose', ''),
(415, 34, 'PCV2', 0, 0, 'No', ''),
(416, 34, 'Rotavirus1', 0, 0, '1st dose', ''),
(417, 34, 'Rotavirus2', 0, 0, 'No', ''),
(418, 34, 'MMR', 0, 0, 'No', ''),
(419, 34, 'Influenza', 0, 0, 'No', ''),
(420, 34, 'HepA1', 0, 0, 'No', ''),
(421, 34, 'HepA2', 0, 0, 'No', ''),
(422, 34, 'DTaP3', 0, 0, 'No', ''),
(423, 35, 'BCG', 0, 0, 'No', ''),
(424, 35, 'HepB1', 0, 0, 'No', ''),
(425, 35, 'HepB2', 0, 0, 'No', ''),
(426, 35, 'HepB3', 0, 0, 'No', ''),
(427, 35, 'DTaP1', 0, 0, 'No', ''),
(428, 35, 'DTaP2', 0, 0, 'No', ''),
(429, 35, 'HiB1', 0, 0, 'No', ''),
(430, 35, 'HiB2', 0, 0, 'No', ''),
(431, 35, 'IPV1', 0, 0, 'No', ''),
(432, 35, 'IPV2', 0, 0, 'No', ''),
(433, 35, 'IPV3', 0, 0, 'No', ''),
(434, 35, 'PCV1', 0, 0, 'No', ''),
(435, 35, 'PCV2', 0, 0, 'No', ''),
(436, 35, 'Rotavirus1', 0, 0, 'No', ''),
(437, 35, 'Rotavirus2', 0, 0, 'No', ''),
(438, 35, 'MMR', 0, 0, 'No', ''),
(439, 35, 'Influenza', 0, 0, 'No', ''),
(440, 35, 'HepA1', 0, 0, 'No', ''),
(441, 35, 'HepA2', 0, 0, 'No', ''),
(442, 35, 'DTaP3', 0, 0, 'No', ''),
(443, 36, 'BCG', 0, 0, 'No', ''),
(444, 36, 'HepB1', 0, 0, 'No', ''),
(445, 36, 'HepB2', 0, 0, 'No', ''),
(446, 36, 'HepB3', 0, 0, 'No', ''),
(447, 36, 'DTaP1', 0, 0, 'No', ''),
(448, 36, 'DTaP2', 0, 0, 'No', ''),
(449, 36, 'HiB1', 0, 0, 'No', ''),
(450, 36, 'HiB2', 0, 0, 'No', ''),
(451, 36, 'IPV1', 0, 0, 'No', ''),
(452, 36, 'IPV2', 0, 0, 'No', ''),
(453, 36, 'IPV3', 0, 0, 'No', ''),
(454, 36, 'PCV1', 0, 0, 'No', ''),
(455, 36, 'PCV2', 0, 0, 'No', ''),
(456, 36, 'Rotavirus1', 0, 0, 'No', ''),
(457, 36, 'Rotavirus2', 0, 0, 'No', ''),
(458, 36, 'MMR', 0, 0, 'No', ''),
(459, 36, 'Influenza', 0, 0, 'No', ''),
(460, 36, 'HepA1', 0, 0, 'No', ''),
(461, 36, 'HepA2', 0, 0, 'No', ''),
(462, 36, 'DTaP3', 0, 0, 'No', ''),
(463, 37, 'BCG', 0, 0, '1st dose', ''),
(464, 37, 'HepB1', 0, 0, '1st dose', ''),
(465, 37, 'HepB2', 0, 0, 'No', ''),
(466, 37, 'HepB3', 0, 0, 'No', ''),
(467, 37, 'DTaP1', 0, 0, '1st dose', ''),
(468, 37, 'DTaP2', 0, 0, 'No', ''),
(469, 37, 'HiB1', 0, 0, '1st dose', ''),
(470, 37, 'HiB2', 0, 0, 'No', ''),
(471, 37, 'IPV1', 0, 0, '1st dose', ''),
(472, 37, 'IPV2', 0, 0, 'No', ''),
(473, 37, 'IPV3', 0, 0, 'No', ''),
(474, 37, 'PCV1', 0, 0, '1st dose', ''),
(475, 37, 'PCV2', 0, 0, 'No', ''),
(476, 37, 'Rotavirus1', 0, 0, '1st dose', ''),
(477, 37, 'Rotavirus2', 0, 0, 'No', ''),
(478, 37, 'MMR', 0, 0, 'No', ''),
(479, 37, 'Influenza', 0, 0, 'No', ''),
(480, 37, 'HepA1', 0, 0, 'No', ''),
(481, 37, 'HepA2', 0, 0, 'No', ''),
(482, 37, 'DTaP3', 0, 0, 'No', ''),
(483, 38, 'BCG', 0, 0, '1st dose', ''),
(484, 38, 'HepB1', 0, 0, '1st dose', ''),
(485, 38, 'HepB2', 0, 0, 'No', ''),
(486, 38, 'HepB3', 0, 0, 'No', ''),
(487, 38, 'DTaP1', 0, 0, 'No', ''),
(488, 38, 'DTaP2', 0, 0, 'No', ''),
(489, 38, 'HiB1', 0, 0, 'No', ''),
(490, 38, 'HiB2', 0, 0, 'No', ''),
(491, 38, 'IPV1', 0, 0, 'No', ''),
(492, 38, 'IPV2', 0, 0, 'No', ''),
(493, 38, 'IPV3', 0, 0, 'No', ''),
(494, 38, 'PCV1', 0, 0, 'No', ''),
(495, 38, 'PCV2', 0, 0, 'No', ''),
(496, 38, 'Rotavirus1', 0, 0, 'No', ''),
(497, 38, 'Rotavirus2', 0, 0, 'No', ''),
(498, 38, 'MMR', 0, 0, 'No', ''),
(499, 38, 'Influenza', 0, 0, 'No', ''),
(500, 38, 'HepA1', 0, 0, 'No', ''),
(501, 38, 'HepA2', 0, 0, 'No', ''),
(502, 38, 'DTaP3', 0, 0, 'No', ''),
(503, 39, 'BCG', 0, 0, '1st dose', ''),
(504, 39, 'HepB1', 0, 0, '1st dose', ''),
(505, 39, 'HepB2', 0, 0, 'No', ''),
(506, 39, 'HepB3', 0, 0, 'No', ''),
(507, 39, 'DTaP1', 0, 0, '1st dose', ''),
(508, 39, 'DTaP2', 0, 0, 'No', ''),
(509, 39, 'HiB1', 0, 0, '1st dose', ''),
(510, 39, 'HiB2', 0, 0, 'No', ''),
(511, 39, 'IPV1', 0, 0, '1st dose', ''),
(512, 39, 'IPV2', 0, 0, 'No', ''),
(513, 39, 'IPV3', 0, 0, 'No', ''),
(514, 39, 'PCV1', 0, 0, '1st dose', ''),
(515, 39, 'PCV2', 0, 0, 'No', ''),
(516, 39, 'Rotavirus1', 0, 0, '1st dose', ''),
(517, 39, 'Rotavirus2', 0, 0, 'No', ''),
(518, 39, 'MMR', 0, 0, 'No', ''),
(519, 39, 'Influenza', 0, 0, 'No', ''),
(520, 39, 'HepA1', 0, 0, 'No', ''),
(521, 39, 'HepA2', 0, 0, 'No', ''),
(522, 39, 'DTaP3', 0, 0, 'No', ''),
(523, 40, 'BCG', 0, 0, '1st dose', ''),
(524, 40, 'HepB1', 0, 0, '1st dose', ''),
(525, 40, 'HepB2', 0, 0, 'No', ''),
(526, 40, 'HepB3', 0, 0, 'No', ''),
(527, 40, 'DTaP1', 0, 0, '1st dose', ''),
(528, 40, 'DTaP2', 0, 0, 'No', ''),
(529, 40, 'HiB1', 0, 0, '1st dose', ''),
(530, 40, 'HiB2', 0, 0, 'No', ''),
(531, 40, 'IPV1', 0, 0, '1st dose', ''),
(532, 40, 'IPV2', 0, 0, 'No', ''),
(533, 40, 'IPV3', 0, 0, 'No', ''),
(534, 40, 'PCV1', 0, 0, '1st dose', ''),
(535, 40, 'PCV2', 0, 0, 'No', ''),
(536, 40, 'Rotavirus1', 0, 0, '1st dose', ''),
(537, 40, 'Rotavirus2', 0, 0, 'No', ''),
(538, 40, 'MMR', 0, 0, 'No', ''),
(539, 40, 'Influenza', 0, 0, 'No', ''),
(540, 40, 'HepA1', 0, 0, 'No', ''),
(541, 40, 'HepA2', 0, 0, 'No', ''),
(542, 40, 'DTaP3', 0, 0, 'No', ''),
(543, 41, 'BCG', 0, 0, 'No', ''),
(544, 41, 'HepB1', 0, 0, 'No', ''),
(545, 41, 'HepB2', 0, 0, 'No', ''),
(546, 41, 'HepB3', 0, 0, 'No', ''),
(547, 41, 'DTaP1', 0, 0, 'No', ''),
(548, 41, 'DTaP2', 0, 0, 'No', ''),
(549, 41, 'HiB1', 0, 0, 'No', ''),
(550, 41, 'HiB2', 0, 0, 'No', ''),
(551, 41, 'IPV1', 0, 0, 'No', ''),
(552, 41, 'IPV2', 0, 0, 'No', ''),
(553, 41, 'IPV3', 0, 0, 'No', ''),
(554, 41, 'PCV1', 0, 0, 'No', ''),
(555, 41, 'PCV2', 0, 0, 'No', ''),
(556, 41, 'Rotavirus1', 0, 0, 'No', ''),
(557, 41, 'Rotavirus2', 0, 0, 'No', ''),
(558, 41, 'MMR', 0, 0, 'No', ''),
(559, 41, 'Influenza', 0, 0, 'No', ''),
(560, 41, 'HepA1', 0, 0, 'No', ''),
(561, 41, 'HepA2', 0, 0, 'No', ''),
(562, 41, 'DTaP3', 0, 0, 'No', ''),
(563, 42, 'BCG', 0, 0, 'No', ''),
(564, 42, 'HepB1', 0, 0, 'No', ''),
(565, 42, 'HepB2', 0, 0, 'No', ''),
(566, 42, 'HepB3', 0, 0, 'No', ''),
(567, 42, 'DTaP1', 0, 0, 'No', ''),
(568, 42, 'DTaP2', 0, 0, 'No', ''),
(569, 42, 'HiB1', 0, 0, 'No', ''),
(570, 42, 'HiB2', 0, 0, 'No', ''),
(571, 42, 'IPV1', 0, 0, 'No', ''),
(572, 42, 'IPV2', 0, 0, 'No', ''),
(573, 42, 'IPV3', 0, 0, 'No', ''),
(574, 42, 'PCV1', 0, 0, 'No', ''),
(575, 42, 'PCV2', 0, 0, 'No', ''),
(576, 42, 'Rotavirus1', 0, 0, 'No', ''),
(577, 42, 'Rotavirus2', 0, 0, 'No', ''),
(578, 42, 'MMR', 0, 0, 'No', ''),
(579, 42, 'Influenza', 0, 0, 'No', ''),
(580, 42, 'HepA1', 0, 0, 'No', ''),
(581, 42, 'HepA2', 0, 0, 'No', ''),
(582, 42, 'DTaP3', 0, 0, 'No', ''),
(583, 43, 'BCG', 0, 0, 'No', ''),
(584, 43, 'HepB1', 0, 0, 'No', ''),
(585, 43, 'HepB2', 0, 0, 'No', ''),
(586, 43, 'HepB3', 0, 0, 'No', ''),
(587, 43, 'DTaP1', 0, 0, 'No', ''),
(588, 43, 'DTaP2', 0, 0, 'No', ''),
(589, 43, 'HiB1', 0, 0, 'No', ''),
(590, 43, 'HiB2', 0, 0, 'No', ''),
(591, 43, 'IPV1', 0, 0, 'No', ''),
(592, 43, 'IPV2', 0, 0, 'No', ''),
(593, 43, 'IPV3', 0, 0, 'No', ''),
(594, 43, 'PCV1', 0, 0, 'No', ''),
(595, 43, 'PCV2', 0, 0, 'No', ''),
(596, 43, 'Rotavirus1', 0, 0, 'No', ''),
(597, 43, 'Rotavirus2', 0, 0, 'No', ''),
(598, 43, 'MMR', 0, 0, 'No', ''),
(599, 43, 'Influenza', 0, 0, 'No', ''),
(600, 43, 'HepA1', 0, 0, 'No', ''),
(601, 43, 'HepA2', 0, 0, 'No', ''),
(602, 43, 'DTaP3', 0, 0, 'No', ''),
(603, 44, 'BCG', 0, 0, '1st dose', ''),
(604, 44, 'HepB1', 0, 0, '1st dose', ''),
(605, 44, 'HepB2', 0, 0, 'No', ''),
(606, 44, 'HepB3', 0, 0, 'No', ''),
(607, 44, 'DTaP1', 0, 0, 'No', ''),
(608, 44, 'DTaP2', 0, 0, 'No', ''),
(609, 44, 'HiB1', 0, 0, 'No', ''),
(610, 44, 'HiB2', 0, 0, 'No', ''),
(611, 44, 'IPV1', 0, 0, 'No', ''),
(612, 44, 'IPV2', 0, 0, 'No', ''),
(613, 44, 'IPV3', 0, 0, 'No', ''),
(614, 44, 'PCV1', 0, 0, 'No', ''),
(615, 44, 'PCV2', 0, 0, 'No', ''),
(616, 44, 'Rotavirus1', 0, 0, 'No', ''),
(617, 44, 'Rotavirus2', 0, 0, 'No', ''),
(618, 44, 'MMR', 0, 0, 'No', ''),
(619, 44, 'Influenza', 0, 0, 'No', ''),
(620, 44, 'HepA1', 0, 0, 'No', ''),
(621, 44, 'HepA2', 0, 0, 'No', ''),
(622, 44, 'DTaP3', 0, 0, 'No', ''),
(623, 45, 'BCG', 0, 0, 'No', ''),
(624, 45, 'HepB1', 0, 0, 'No', ''),
(625, 45, 'HepB2', 0, 0, 'No', ''),
(626, 45, 'HepB3', 0, 0, 'No', ''),
(627, 45, 'DTaP1', 0, 0, 'No', ''),
(628, 45, 'DTaP2', 0, 0, 'No', ''),
(629, 45, 'HiB1', 0, 0, 'No', ''),
(630, 45, 'HiB2', 0, 0, 'No', ''),
(631, 45, 'IPV1', 0, 0, 'No', ''),
(632, 45, 'IPV2', 0, 0, 'No', ''),
(633, 45, 'IPV3', 0, 0, 'No', ''),
(634, 45, 'PCV1', 0, 0, 'No', ''),
(635, 45, 'PCV2', 0, 0, 'No', ''),
(636, 45, 'Rotavirus1', 0, 0, 'No', ''),
(637, 45, 'Rotavirus2', 0, 0, 'No', ''),
(638, 45, 'MMR', 0, 0, 'No', ''),
(639, 45, 'Influenza', 0, 0, 'No', ''),
(640, 45, 'HepA1', 0, 0, 'No', ''),
(641, 45, 'HepA2', 0, 0, 'No', ''),
(642, 45, 'DTaP3', 0, 0, 'No', ''),
(643, 46, 'BCG', 0, 0, '1st dose', ''),
(644, 46, 'HepB1', 0, 0, '1st dose', ''),
(645, 46, 'HepB2', 0, 0, 'No', ''),
(646, 46, 'HepB3', 0, 0, 'No', ''),
(647, 46, 'DTaP1', 0, 0, 'No', ''),
(648, 46, 'DTaP2', 0, 0, 'No', ''),
(649, 46, 'HiB1', 0, 0, 'No', ''),
(650, 46, 'HiB2', 0, 0, 'No', ''),
(651, 46, 'IPV1', 0, 0, 'No', ''),
(652, 46, 'IPV2', 0, 0, 'No', ''),
(653, 46, 'IPV3', 0, 0, 'No', ''),
(654, 46, 'PCV1', 0, 0, 'No', ''),
(655, 46, 'PCV2', 0, 0, 'No', ''),
(656, 46, 'Rotavirus1', 0, 0, 'No', ''),
(657, 46, 'Rotavirus2', 0, 0, 'No', ''),
(658, 46, 'MMR', 0, 0, 'No', ''),
(659, 46, 'Influenza', 0, 0, 'No', ''),
(660, 46, 'HepA1', 0, 0, 'No', ''),
(661, 46, 'HepA2', 0, 0, 'No', ''),
(662, 46, 'DTaP3', 0, 0, 'No', ''),
(663, 47, 'BCG', 0, 0, '1st dose', ''),
(664, 47, 'HepB1', 0, 0, '1st dose', ''),
(665, 47, 'HepB2', 0, 0, 'No', ''),
(666, 47, 'HepB3', 0, 0, 'No', ''),
(667, 47, 'DTaP1', 0, 0, 'No', ''),
(668, 47, 'DTaP2', 0, 0, 'No', ''),
(669, 47, 'HiB1', 0, 0, 'No', ''),
(670, 47, 'HiB2', 0, 0, 'No', ''),
(671, 47, 'IPV1', 0, 0, 'No', ''),
(672, 47, 'IPV2', 0, 0, 'No', ''),
(673, 47, 'IPV3', 0, 0, 'No', ''),
(674, 47, 'PCV1', 0, 0, 'No', ''),
(675, 47, 'PCV2', 0, 0, 'No', ''),
(676, 47, 'Rotavirus1', 0, 0, 'No', ''),
(677, 47, 'Rotavirus2', 0, 0, 'No', ''),
(678, 47, 'MMR', 0, 0, 'No', ''),
(679, 47, 'Influenza', 0, 0, 'No', ''),
(680, 47, 'HepA1', 0, 0, 'No', ''),
(681, 47, 'HepA2', 0, 0, 'No', ''),
(682, 47, 'DTaP3', 0, 0, 'No', ''),
(683, 48, 'BCG', 0, 0, '1st dose', ''),
(684, 48, 'HepB1', 0, 0, '1st dose', ''),
(685, 48, 'HepB2', 0, 0, 'No', ''),
(686, 48, 'HepB3', 0, 0, 'No', ''),
(687, 48, 'DTaP1', 0, 0, '1st dose', ''),
(688, 48, 'DTaP2', 0, 0, 'No', ''),
(689, 48, 'HiB1', 0, 0, '1st dose', ''),
(690, 48, 'HiB2', 0, 0, 'No', ''),
(691, 48, 'IPV1', 0, 0, '1st dose', ''),
(692, 48, 'IPV2', 0, 0, 'No', ''),
(693, 48, 'IPV3', 0, 0, 'No', ''),
(694, 48, 'PCV1', 0, 0, '1st dose', ''),
(695, 48, 'PCV2', 0, 0, 'No', ''),
(696, 48, 'Rotavirus1', 0, 0, '1st dose', ''),
(697, 48, 'Rotavirus2', 0, 0, 'No', ''),
(698, 48, 'MMR', 0, 0, 'No', ''),
(699, 48, 'Influenza', 0, 0, 'No', ''),
(700, 48, 'HepA1', 0, 0, 'No', ''),
(701, 48, 'HepA2', 0, 0, 'No', ''),
(702, 48, 'DTaP3', 0, 0, 'No', ''),
(703, 49, 'BCG', 0, 0, 'No', ''),
(704, 49, 'HepB1', 0, 0, 'No', ''),
(705, 49, 'HepB2', 0, 0, 'No', ''),
(706, 49, 'HepB3', 0, 0, 'No', ''),
(707, 49, 'DTaP1', 0, 0, 'No', ''),
(708, 49, 'DTaP2', 0, 0, 'No', ''),
(709, 49, 'HiB1', 0, 0, 'No', ''),
(710, 49, 'HiB2', 0, 0, 'No', ''),
(711, 49, 'IPV1', 0, 0, 'No', ''),
(712, 49, 'IPV2', 0, 0, 'No', ''),
(713, 49, 'IPV3', 0, 0, 'No', ''),
(714, 49, 'PCV1', 0, 0, 'No', ''),
(715, 49, 'PCV2', 0, 0, 'No', ''),
(716, 49, 'Rotavirus1', 0, 0, 'No', ''),
(717, 49, 'Rotavirus2', 0, 0, 'No', ''),
(718, 49, 'MMR', 0, 0, 'No', ''),
(719, 49, 'Influenza', 0, 0, 'No', ''),
(720, 49, 'HepA1', 0, 0, 'No', ''),
(721, 49, 'HepA2', 0, 0, 'No', ''),
(722, 49, 'DTaP3', 0, 0, 'No', ''),
(723, 50, 'BCG', 0, 0, '1st dose', ''),
(724, 50, 'HepB1', 0, 0, '1st dose', ''),
(725, 50, 'HepB2', 0, 0, 'No', ''),
(726, 50, 'HepB3', 0, 0, 'No', ''),
(727, 50, 'DTaP1', 0, 0, 'No', ''),
(728, 50, 'DTaP2', 0, 0, 'No', ''),
(729, 50, 'HiB1', 0, 0, 'No', ''),
(730, 50, 'HiB2', 0, 0, 'No', ''),
(731, 50, 'IPV1', 0, 0, 'No', ''),
(732, 50, 'IPV2', 0, 0, 'No', ''),
(733, 50, 'IPV3', 0, 0, 'No', ''),
(734, 50, 'PCV1', 0, 0, 'No', ''),
(735, 50, 'PCV2', 0, 0, 'No', ''),
(736, 50, 'Rotavirus1', 0, 0, 'No', ''),
(737, 50, 'Rotavirus2', 0, 0, 'No', ''),
(738, 50, 'MMR', 0, 0, 'No', ''),
(739, 50, 'Influenza', 0, 0, 'No', ''),
(740, 50, 'HepA1', 0, 0, 'No', ''),
(741, 50, 'HepA2', 0, 0, 'No', ''),
(742, 50, 'DTaP3', 0, 0, 'No', ''),
(743, 51, 'BCG', 0, 0, 'No', ''),
(744, 51, 'HepB1', 0, 0, 'No', ''),
(745, 51, 'HepB2', 0, 0, 'No', ''),
(746, 51, 'HepB3', 0, 0, 'No', ''),
(747, 51, 'DTaP1', 0, 0, 'No', ''),
(748, 51, 'DTaP2', 0, 0, 'No', ''),
(749, 51, 'HiB1', 0, 0, 'No', ''),
(750, 51, 'HiB2', 0, 0, 'No', ''),
(751, 51, 'IPV1', 0, 0, 'No', ''),
(752, 51, 'IPV2', 0, 0, 'No', ''),
(753, 51, 'IPV3', 0, 0, 'No', ''),
(754, 51, 'PCV1', 0, 0, 'No', ''),
(755, 51, 'PCV2', 0, 0, 'No', ''),
(756, 51, 'Rotavirus1', 0, 0, 'No', ''),
(757, 51, 'Rotavirus2', 0, 0, 'No', ''),
(758, 51, 'MMR', 0, 0, 'No', ''),
(759, 51, 'Influenza', 0, 0, 'No', ''),
(760, 51, 'HepA1', 0, 0, 'No', ''),
(761, 51, 'HepA2', 0, 0, 'No', ''),
(762, 51, 'DTaP3', 0, 0, 'No', ''),
(763, 52, 'BCG', 0, 0, '1st dose', ''),
(764, 52, 'HepB1', 0, 0, '1st dose', ''),
(765, 52, 'HepB2', 0, 0, 'No', ''),
(766, 52, 'HepB3', 0, 0, 'No', ''),
(767, 52, 'DTaP1', 0, 0, 'No', ''),
(768, 52, 'DTaP2', 0, 0, 'No', ''),
(769, 52, 'HiB1', 0, 0, 'No', ''),
(770, 52, 'HiB2', 0, 0, 'No', ''),
(771, 52, 'IPV1', 0, 0, 'No', ''),
(772, 52, 'IPV2', 0, 0, 'No', ''),
(773, 52, 'IPV3', 0, 0, 'No', ''),
(774, 52, 'PCV1', 0, 0, 'No', ''),
(775, 52, 'PCV2', 0, 0, 'No', ''),
(776, 52, 'Rotavirus1', 0, 0, 'No', ''),
(777, 52, 'Rotavirus2', 0, 0, 'No', ''),
(778, 52, 'MMR', 0, 0, 'No', ''),
(779, 52, 'Influenza', 0, 0, 'No', ''),
(780, 52, 'HepA1', 0, 0, 'No', ''),
(781, 52, 'HepA2', 0, 0, 'No', ''),
(782, 52, 'DTaP3', 0, 0, 'No', ''),
(783, 53, 'BCG', 0, 0, '1st dose', 'BCG vaccine should be given shortly after birth'),
(784, 53, 'HepB1', 0, 0, '1st dose', ''),
(785, 53, 'HepB2', 0, 0, 'No', ''),
(786, 53, 'HepB3', 0, 0, 'No', ''),
(787, 53, 'DTaP1', 0, 0, 'No', ''),
(788, 53, 'DTaP2', 0, 0, 'No', ''),
(789, 53, 'HiB1', 0, 0, 'No', ''),
(790, 53, 'HiB2', 0, 0, 'No', ''),
(791, 53, 'IPV1', 0, 0, 'No', ''),
(792, 53, 'IPV2', 0, 0, 'No', ''),
(793, 53, 'IPV3', 0, 0, 'No', ''),
(794, 53, 'PCV1', 0, 0, 'No', ''),
(795, 53, 'PCV2', 0, 0, 'No', ''),
(796, 53, 'Rotavirus1', 0, 0, 'No', ''),
(797, 53, 'Rotavirus2', 0, 0, 'No', ''),
(798, 53, 'MMR', 0, 0, 'No', ''),
(799, 53, 'Influenza', 0, 0, 'No', ''),
(800, 53, 'HepA1', 0, 0, 'No', ''),
(801, 53, 'HepA2', 0, 0, 'No', ''),
(802, 53, 'DTaP3', 0, 0, 'No', ''),
(803, 54, 'BCG', 0, 0, '1st dose', 'BCG vaccine should be given shortly after birth'),
(804, 54, 'HepB1', 0, 0, '1st dose', 'First vaccine Hepatitis B should be given after birth'),
(805, 54, 'HepB2', 0, 0, 'No', ''),
(806, 54, 'HepB3', 0, 0, 'No', ''),
(807, 54, 'DTaP1', 0, 0, 'No', ''),
(808, 54, 'DTaP2', 0, 0, 'No', ''),
(809, 54, 'HiB1', 0, 0, 'No', ''),
(810, 54, 'HiB2', 0, 0, 'No', ''),
(811, 54, 'IPV1', 0, 0, 'No', ''),
(812, 54, 'IPV2', 0, 0, 'No', ''),
(813, 54, 'IPV3', 0, 0, 'No', ''),
(814, 54, 'PCV1', 0, 0, 'No', ''),
(815, 54, 'PCV2', 0, 0, 'No', ''),
(816, 54, 'Rotavirus1', 0, 0, 'No', ''),
(817, 54, 'Rotavirus2', 0, 0, 'No', ''),
(818, 54, 'MMR', 0, 0, 'No', ''),
(819, 54, 'Influenza', 0, 0, 'No', ''),
(820, 54, 'HepA1', 0, 0, 'No', ''),
(821, 54, 'HepA2', 0, 0, 'No', ''),
(822, 54, 'DTaP3', 0, 0, 'No', ''),
(823, 55, 'BCG', 0, 0, '1st dose', 'BCG '),
(824, 55, 'HepB1', 0, 0, '1st dose', ''),
(825, 55, 'HepB2', 0, 0, 'No', ''),
(826, 55, 'HepB3', 0, 0, 'No', ''),
(827, 55, 'DTaP1', 0, 0, 'No', ''),
(828, 55, 'DTaP2', 0, 0, 'No', ''),
(829, 55, 'HiB1', 0, 0, 'No', ''),
(830, 55, 'HiB2', 0, 0, 'No', ''),
(831, 55, 'IPV1', 0, 0, 'No', ''),
(832, 55, 'IPV2', 0, 0, 'No', ''),
(833, 55, 'IPV3', 0, 0, 'No', ''),
(834, 55, 'PCV1', 0, 0, 'No', ''),
(835, 55, 'PCV2', 0, 0, 'No', ''),
(836, 55, 'Rotavirus1', 0, 0, 'No', ''),
(837, 55, 'Rotavirus2', 0, 0, 'No', ''),
(838, 55, 'MMR', 0, 0, 'No', ''),
(839, 55, 'Influenza', 0, 0, 'No', ''),
(840, 55, 'HepA1', 0, 0, 'No', ''),
(841, 55, 'HepA2', 0, 0, 'No', ''),
(842, 55, 'DTaP3', 0, 0, 'No', ''),
(843, 56, 'BCG', 0, 0, '1st dose', ''),
(844, 56, 'HepB1', 0, 0, '1st dose', ''),
(845, 56, 'HepB2', 0, 0, 'No', ''),
(846, 56, 'HepB3', 0, 0, 'No', ''),
(847, 56, 'DTaP1', 0, 0, 'No', ''),
(848, 56, 'DTaP2', 0, 0, 'No', ''),
(849, 56, 'HiB1', 0, 0, 'No', ''),
(850, 56, 'HiB2', 0, 0, 'No', ''),
(851, 56, 'IPV1', 0, 0, 'No', ''),
(852, 56, 'IPV2', 0, 0, 'No', ''),
(853, 56, 'IPV3', 0, 0, 'No', ''),
(854, 56, 'PCV1', 0, 0, 'No', ''),
(855, 56, 'PCV2', 0, 0, 'No', ''),
(856, 56, 'Rotavirus1', 0, 0, 'No', ''),
(857, 56, 'Rotavirus2', 0, 0, 'No', ''),
(858, 56, 'MMR', 0, 0, 'No', ''),
(859, 56, 'Influenza', 0, 0, 'No', ''),
(860, 56, 'HepA1', 0, 0, 'No', ''),
(861, 56, 'HepA2', 0, 0, 'No', ''),
(862, 56, 'DTaP3', 0, 0, 'No', ''),
(863, 57, 'BCG', 0, 0, 'No', 'BCG vaccine should be given shortly after birth'),
(864, 57, 'HepB1', 0, 0, 'No', 'First vaccine Hepatitis B should be given after birth'),
(865, 57, 'HepB2', 0, 0, 'No', ''),
(866, 57, 'HepB3', 0, 0, 'No', ''),
(867, 57, 'DTaP1', 0, 0, 'No', 'First DTaP vaccine should be given 6 weeks after birth'),
(868, 57, 'DTaP2', 0, 0, 'No', ''),
(869, 57, 'HiB1', 0, 0, 'No', 'First HiB vaccine should be given 6 weeks after birth'),
(870, 57, 'HiB2', 0, 0, 'No', ''),
(871, 57, 'IPV1', 0, 0, 'No', ''),
(872, 57, 'IPV2', 0, 0, 'No', ''),
(873, 57, 'IPV3', 0, 0, 'No', ''),
(874, 57, 'PCV1', 0, 0, 'No', ''),
(875, 57, 'PCV2', 0, 0, 'No', ''),
(876, 57, 'Rotavirus1', 0, 0, 'No', ''),
(877, 57, 'Rotavirus2', 0, 0, 'No', ''),
(878, 57, 'MMR', 0, 0, 'No', ''),
(879, 57, 'Influenza', 0, 0, 'No', ''),
(880, 57, 'HepA1', 0, 0, 'No', ''),
(881, 57, 'HepA2', 0, 0, 'No', ''),
(882, 57, 'DTaP3', 0, 0, 'No', ''),
(883, 58, 'BCG', 0, 0, 'No', ''),
(884, 58, 'HepB1', 0, 0, 'No', ''),
(885, 58, 'HepB2', 0, 0, 'No', ''),
(886, 58, 'HepB3', 0, 0, 'No', ''),
(887, 58, 'DTaP1', 0, 0, 'No', ''),
(888, 58, 'DTaP2', 0, 0, 'No', ''),
(889, 58, 'HiB1', 0, 0, 'No', ''),
(890, 58, 'HiB2', 0, 0, 'No', ''),
(891, 58, 'IPV1', 0, 0, 'No', ''),
(892, 58, 'IPV2', 0, 0, 'No', ''),
(893, 58, 'IPV3', 0, 0, 'No', ''),
(894, 58, 'PCV1', 0, 0, 'No', ''),
(895, 58, 'PCV2', 0, 0, 'No', ''),
(896, 58, 'Rotavirus1', 0, 0, 'No', ''),
(897, 58, 'Rotavirus2', 0, 0, 'No', ''),
(898, 58, 'MMR', 0, 0, 'No', ''),
(899, 58, 'Influenza', 0, 0, 'No', ''),
(900, 58, 'HepA1', 0, 0, 'No', ''),
(901, 58, 'HepA2', 0, 0, 'No', ''),
(902, 58, 'DTaP3', 0, 0, 'No', ''),
(903, 59, 'BCG', 0, 0, 'No', 'BCG vaccine should be given shortly after birth'),
(904, 59, 'HepB1', 0, 0, 'No', ''),
(905, 59, 'HepB2', 0, 0, 'No', ''),
(906, 59, 'HepB3', 0, 0, 'No', ''),
(907, 59, 'DTaP1', 0, 0, 'No', ''),
(908, 59, 'DTaP2', 0, 0, 'No', ''),
(909, 59, 'HiB1', 0, 0, 'No', ''),
(910, 59, 'HiB2', 0, 0, 'No', ''),
(911, 59, 'IPV1', 0, 0, 'No', ''),
(912, 59, 'IPV2', 0, 0, 'No', ''),
(913, 59, 'IPV3', 0, 0, 'No', ''),
(914, 59, 'PCV1', 0, 0, 'No', ''),
(915, 59, 'PCV2', 0, 0, 'No', ''),
(916, 59, 'Rotavirus1', 0, 0, 'No', ''),
(917, 59, 'Rotavirus2', 0, 0, 'No', ''),
(918, 59, 'MMR', 0, 0, 'No', ''),
(919, 59, 'Influenza', 0, 0, 'No', ''),
(920, 59, 'HepA1', 0, 0, 'No', ''),
(921, 59, 'HepA2', 0, 0, 'No', ''),
(922, 59, 'DTaP3', 0, 0, 'No', ''),
(923, 60, 'BCG', 0, 0, '1st dose', ''),
(924, 60, 'HepB1', 0, 0, '1st dose', ''),
(925, 60, 'HepB2', 0, 0, 'No', ''),
(926, 60, 'HepB3', 0, 0, 'No', ''),
(927, 60, 'DTaP1', 0, 0, 'No', ''),
(928, 60, 'DTaP2', 0, 0, 'No', ''),
(929, 60, 'HiB1', 0, 0, 'No', ''),
(930, 60, 'HiB2', 0, 0, 'No', ''),
(931, 60, 'IPV1', 0, 0, 'No', ''),
(932, 60, 'IPV2', 0, 0, 'No', ''),
(933, 60, 'IPV3', 0, 0, 'No', ''),
(934, 60, 'PCV1', 0, 0, 'No', ''),
(935, 60, 'PCV2', 0, 0, 'No', ''),
(936, 60, 'Rotavirus1', 0, 0, 'No', ''),
(937, 60, 'Rotavirus2', 0, 0, 'No', ''),
(938, 60, 'MMR', 0, 0, 'No', ''),
(939, 60, 'Influenza', 0, 0, 'No', ''),
(940, 60, 'HepA1', 0, 0, 'No', ''),
(941, 60, 'HepA2', 0, 0, 'No', ''),
(942, 60, 'DTaP3', 0, 0, 'No', ''),
(943, 61, 'BCG', 0, 0, 'No', ''),
(944, 61, 'HepB1', 0, 0, 'No', ''),
(945, 61, 'HepB2', 0, 0, 'No', ''),
(946, 61, 'HepB3', 0, 0, 'No', ''),
(947, 61, 'DTaP1', 0, 0, 'No', ''),
(948, 61, 'DTaP2', 0, 0, 'No', ''),
(949, 61, 'HiB1', 0, 0, 'No', ''),
(950, 61, 'HiB2', 0, 0, 'No', ''),
(951, 61, 'IPV1', 0, 0, 'No', ''),
(952, 61, 'IPV2', 0, 0, 'No', ''),
(953, 61, 'IPV3', 0, 0, 'No', ''),
(954, 61, 'PCV1', 0, 0, 'No', ''),
(955, 61, 'PCV2', 0, 0, 'No', ''),
(956, 61, 'Rotavirus1', 0, 0, 'No', ''),
(957, 61, 'Rotavirus2', 0, 0, 'No', ''),
(958, 61, 'MMR', 0, 0, 'No', ''),
(959, 61, 'Influenza', 0, 0, 'No', ''),
(960, 61, 'HepA1', 0, 0, 'No', ''),
(961, 61, 'HepA2', 0, 0, 'No', ''),
(962, 61, 'DTaP3', 0, 0, 'No', ''),
(963, 62, 'BCG', 0, 0, 'No', ''),
(964, 62, 'HepB1', 0, 0, 'No', ''),
(965, 62, 'HepB2', 0, 0, 'No', ''),
(966, 62, 'HepB3', 0, 0, 'No', ''),
(967, 62, 'DTaP1', 0, 0, 'No', ''),
(968, 62, 'DTaP2', 0, 0, 'No', ''),
(969, 62, 'HiB1', 0, 0, 'No', ''),
(970, 62, 'HiB2', 0, 0, 'No', ''),
(971, 62, 'IPV1', 0, 0, 'No', ''),
(972, 62, 'IPV2', 0, 0, 'No', ''),
(973, 62, 'IPV3', 0, 0, 'No', ''),
(974, 62, 'PCV1', 0, 0, 'No', ''),
(975, 62, 'PCV2', 0, 0, 'No', ''),
(976, 62, 'Rotavirus1', 0, 0, 'No', ''),
(977, 62, 'Rotavirus2', 0, 0, 'No', ''),
(978, 62, 'MMR', 0, 0, 'No', ''),
(979, 62, 'Influenza', 0, 0, 'No', ''),
(980, 62, 'HepA1', 0, 0, 'No', ''),
(981, 62, 'HepA2', 0, 0, 'No', ''),
(982, 62, 'DTaP3', 0, 0, 'No', ''),
(983, 63, 'BCG', 0, 0, 'No', ''),
(984, 63, 'HepB1', 0, 0, 'No', ''),
(985, 63, 'HepB2', 0, 0, 'No', ''),
(986, 63, 'HepB3', 0, 0, 'No', ''),
(987, 63, 'DTaP1', 0, 0, 'No', ''),
(988, 63, 'DTaP2', 0, 0, 'No', ''),
(989, 63, 'HiB1', 0, 0, 'No', ''),
(990, 63, 'HiB2', 0, 0, 'No', ''),
(991, 63, 'IPV1', 0, 0, 'No', ''),
(992, 63, 'IPV2', 0, 0, 'No', ''),
(993, 63, 'IPV3', 0, 0, 'No', ''),
(994, 63, 'PCV1', 0, 0, 'No', ''),
(995, 63, 'PCV2', 0, 0, 'No', ''),
(996, 63, 'Rotavirus1', 0, 0, 'No', ''),
(997, 63, 'Rotavirus2', 0, 0, 'No', ''),
(998, 63, 'MMR', 0, 0, 'No', ''),
(999, 63, 'Influenza', 0, 0, 'No', ''),
(1000, 63, 'HepA1', 0, 0, 'No', ''),
(1001, 63, 'HepA2', 0, 0, 'No', ''),
(1002, 63, 'DTaP3', 0, 0, 'No', ''),
(1003, 64, 'BCG', 0, 0, 'No', ''),
(1004, 64, 'HepB1', 0, 0, 'No', ''),
(1005, 64, 'HepB2', 0, 0, 'No', ''),
(1006, 64, 'HepB3', 0, 0, 'No', ''),
(1007, 64, 'DTaP1', 0, 0, 'No', ''),
(1008, 64, 'DTaP2', 0, 0, 'No', ''),
(1009, 64, 'HiB1', 0, 0, 'No', ''),
(1010, 64, 'HiB2', 0, 0, 'No', ''),
(1011, 64, 'IPV1', 0, 0, 'No', ''),
(1012, 64, 'IPV2', 0, 0, 'No', ''),
(1013, 64, 'IPV3', 0, 0, 'No', ''),
(1014, 64, 'PCV1', 0, 0, 'No', ''),
(1015, 64, 'PCV2', 0, 0, 'No', ''),
(1016, 64, 'Rotavirus1', 0, 0, 'No', ''),
(1017, 64, 'Rotavirus2', 0, 0, 'No', ''),
(1018, 64, 'MMR', 0, 0, 'No', ''),
(1019, 64, 'Influenza', 0, 0, 'No', ''),
(1020, 64, 'HepA1', 0, 0, 'No', ''),
(1021, 64, 'HepA2', 0, 0, 'No', ''),
(1022, 64, 'DTaP3', 0, 0, 'No', ''),
(1023, 65, 'BCG', 0, 0, 'No', ''),
(1024, 65, 'HepB1', 0, 0, 'No', ''),
(1025, 65, 'HepB2', 0, 0, 'No', ''),
(1026, 65, 'HepB3', 0, 0, 'No', ''),
(1027, 65, 'DTaP1', 0, 0, 'No', ''),
(1028, 65, 'DTaP2', 0, 0, 'No', ''),
(1029, 65, 'HiB1', 0, 0, 'No', ''),
(1030, 65, 'HiB2', 0, 0, 'No', ''),
(1031, 65, 'IPV1', 0, 0, 'No', ''),
(1032, 65, 'IPV2', 0, 0, 'No', ''),
(1033, 65, 'IPV3', 0, 0, 'No', ''),
(1034, 65, 'PCV1', 0, 0, 'No', ''),
(1035, 65, 'PCV2', 0, 0, 'No', ''),
(1036, 65, 'Rotavirus1', 0, 0, 'No', ''),
(1037, 65, 'Rotavirus2', 0, 0, 'No', ''),
(1038, 65, 'MMR', 0, 0, 'No', ''),
(1039, 65, 'Influenza', 0, 0, 'No', ''),
(1040, 65, 'HepA1', 0, 0, 'No', ''),
(1041, 65, 'HepA2', 0, 0, 'No', ''),
(1042, 65, 'DTaP3', 0, 0, 'No', ''),
(1043, 66, 'BCG', 0, 0, 'No', ''),
(1044, 66, 'HepB1', 0, 0, 'No', ''),
(1045, 66, 'HepB2', 0, 0, 'No', ''),
(1046, 66, 'HepB3', 0, 0, 'No', ''),
(1047, 66, 'DTaP1', 0, 0, 'No', ''),
(1048, 66, 'DTaP2', 0, 0, 'No', ''),
(1049, 66, 'HiB1', 0, 0, 'No', ''),
(1050, 66, 'HiB2', 0, 0, 'No', ''),
(1051, 66, 'IPV1', 0, 0, 'No', ''),
(1052, 66, 'IPV2', 0, 0, 'No', ''),
(1053, 66, 'IPV3', 0, 0, 'No', ''),
(1054, 66, 'PCV1', 0, 0, 'No', ''),
(1055, 66, 'PCV2', 0, 0, 'No', ''),
(1056, 66, 'Rotavirus1', 0, 0, 'No', ''),
(1057, 66, 'Rotavirus2', 0, 0, 'No', ''),
(1058, 66, 'MMR', 0, 0, 'No', ''),
(1059, 66, 'Influenza', 0, 0, 'No', ''),
(1060, 66, 'HepA1', 0, 0, 'No', ''),
(1061, 66, 'HepA2', 0, 0, 'No', ''),
(1062, 66, 'DTaP3', 0, 0, 'No', ''),
(1063, 67, 'BCG', 0, 0, 'No', ''),
(1064, 67, 'HepB1', 0, 0, 'No', ''),
(1065, 67, 'HepB2', 0, 0, 'No', ''),
(1066, 67, 'HepB3', 0, 0, 'No', ''),
(1067, 67, 'DTaP1', 0, 0, 'No', ''),
(1068, 67, 'DTaP2', 0, 0, 'No', ''),
(1069, 67, 'HiB1', 0, 0, 'No', ''),
(1070, 67, 'HiB2', 0, 0, 'No', ''),
(1071, 67, 'IPV1', 0, 0, 'No', ''),
(1072, 67, 'IPV2', 0, 0, 'No', ''),
(1073, 67, 'IPV3', 0, 0, 'No', ''),
(1074, 67, 'PCV1', 0, 0, 'No', ''),
(1075, 67, 'PCV2', 0, 0, 'No', ''),
(1076, 67, 'Rotavirus1', 0, 0, 'No', ''),
(1077, 67, 'Rotavirus2', 0, 0, 'No', ''),
(1078, 67, 'MMR', 0, 0, 'No', ''),
(1079, 67, 'Influenza', 0, 0, 'No', ''),
(1080, 67, 'HepA1', 0, 0, 'No', ''),
(1081, 67, 'HepA2', 0, 0, 'No', ''),
(1082, 67, 'DTaP3', 0, 0, 'No', ''),
(1083, 68, 'BCG', 0, 0, 'No', ''),
(1084, 68, 'HepB1', 0, 0, 'No', ''),
(1085, 68, 'HepB2', 0, 0, 'No', ''),
(1086, 68, 'HepB3', 0, 0, 'No', ''),
(1087, 68, 'DTaP1', 0, 0, 'No', ''),
(1088, 68, 'DTaP2', 0, 0, 'No', ''),
(1089, 68, 'HiB1', 0, 0, 'No', ''),
(1090, 68, 'HiB2', 0, 0, 'No', ''),
(1091, 68, 'IPV1', 0, 0, 'No', ''),
(1092, 68, 'IPV2', 0, 0, 'No', ''),
(1093, 68, 'IPV3', 0, 0, 'No', ''),
(1094, 68, 'PCV1', 0, 0, 'No', ''),
(1095, 68, 'PCV2', 0, 0, 'No', ''),
(1096, 68, 'Rotavirus1', 0, 0, 'No', ''),
(1097, 68, 'Rotavirus2', 0, 0, 'No', ''),
(1098, 68, 'MMR', 0, 0, 'No', ''),
(1099, 68, 'Influenza', 0, 0, 'No', ''),
(1100, 68, 'HepA1', 0, 0, 'No', ''),
(1101, 68, 'HepA2', 0, 0, 'No', ''),
(1102, 68, 'DTaP3', 0, 0, 'No', ''),
(1103, 69, 'BCG', 0, 0, 'No', ''),
(1104, 69, 'HepB1', 0, 0, 'No', ''),
(1105, 69, 'HepB2', 0, 0, 'No', ''),
(1106, 69, 'HepB3', 0, 0, 'No', ''),
(1107, 69, 'DTaP1', 0, 0, 'No', ''),
(1108, 69, 'DTaP2', 0, 0, 'No', ''),
(1109, 69, 'HiB1', 0, 0, 'No', ''),
(1110, 69, 'HiB2', 0, 0, 'No', ''),
(1111, 69, 'IPV1', 0, 0, 'No', ''),
(1112, 69, 'IPV2', 0, 0, 'No', ''),
(1113, 69, 'IPV3', 0, 0, 'No', ''),
(1114, 69, 'PCV1', 0, 0, 'No', ''),
(1115, 69, 'PCV2', 0, 0, 'No', ''),
(1116, 69, 'Rotavirus1', 0, 0, 'No', ''),
(1117, 69, 'Rotavirus2', 0, 0, 'No', ''),
(1118, 69, 'MMR', 0, 0, 'No', ''),
(1119, 69, 'Influenza', 0, 0, 'No', ''),
(1120, 69, 'HepA1', 0, 0, 'No', ''),
(1121, 69, 'HepA2', 0, 0, 'No', ''),
(1122, 69, 'DTaP3', 0, 0, 'No', ''),
(1123, 70, 'BCG', 0, 0, 'No', 'BCG vaccine should be given shortly after birth'),
(1124, 70, 'HepB1', 0, 0, 'No', ''),
(1125, 70, 'HepB2', 0, 0, 'No', ''),
(1126, 70, 'HepB3', 0, 0, 'No', ''),
(1127, 70, 'DTaP1', 0, 0, 'No', ''),
(1128, 70, 'DTaP2', 0, 0, 'No', ''),
(1129, 70, 'HiB1', 0, 0, 'No', ''),
(1130, 70, 'HiB2', 0, 0, 'No', ''),
(1131, 70, 'IPV1', 0, 0, 'No', ''),
(1132, 70, 'IPV2', 0, 0, 'No', ''),
(1133, 70, 'IPV3', 0, 0, 'No', ''),
(1134, 70, 'PCV1', 0, 0, 'No', ''),
(1135, 70, 'PCV2', 0, 0, 'No', ''),
(1136, 70, 'Rotavirus1', 0, 0, 'No', ''),
(1137, 70, 'Rotavirus2', 0, 0, 'No', ''),
(1138, 70, 'MMR', 0, 0, 'No', ''),
(1139, 70, 'Influenza', 0, 0, 'No', ''),
(1140, 70, 'HepA1', 0, 0, 'No', ''),
(1141, 70, 'HepA2', 0, 0, 'No', ''),
(1142, 70, 'DTaP3', 0, 0, 'No', ''),
(1143, 71, 'BCG', 0, 0, 'No', 'BCG vaccine should be given shortly after birth'),
(1144, 71, 'HepB1', 0, 0, 'No', ''),
(1145, 71, 'HepB2', 0, 0, 'No', ''),
(1146, 71, 'HepB3', 0, 0, 'No', ''),
(1147, 71, 'DTaP1', 0, 0, 'No', ''),
(1148, 71, 'DTaP2', 0, 0, 'No', ''),
(1149, 71, 'HiB1', 0, 0, 'No', ''),
(1150, 71, 'HiB2', 0, 0, 'No', ''),
(1151, 71, 'IPV1', 0, 0, 'No', ''),
(1152, 71, 'IPV2', 0, 0, 'No', ''),
(1153, 71, 'IPV3', 0, 0, 'No', ''),
(1154, 71, 'PCV1', 0, 0, 'No', ''),
(1155, 71, 'PCV2', 0, 0, 'No', ''),
(1156, 71, 'Rotavirus1', 0, 0, 'No', ''),
(1157, 71, 'Rotavirus2', 0, 0, 'No', ''),
(1158, 71, 'MMR', 0, 0, 'No', ''),
(1159, 71, 'Influenza', 0, 0, 'No', ''),
(1160, 71, 'HepA1', 0, 0, 'No', ''),
(1161, 71, 'HepA2', 0, 0, 'No', ''),
(1162, 71, 'DTaP3', 0, 0, 'No', ''),
(1163, 72, 'BCG', 0, 0, 'No', 'BCG vaccine should be given shortly after birth'),
(1164, 72, 'HepB1', 0, 0, 'No', ''),
(1165, 72, 'HepB2', 0, 0, 'No', ''),
(1166, 72, 'HepB3', 0, 0, 'No', ''),
(1167, 72, 'DTaP1', 0, 0, 'No', ''),
(1168, 72, 'DTaP2', 0, 0, 'No', ''),
(1169, 72, 'HiB1', 0, 0, 'No', ''),
(1170, 72, 'HiB2', 0, 0, 'No', ''),
(1171, 72, 'IPV1', 0, 0, 'No', ''),
(1172, 72, 'IPV2', 0, 0, 'No', ''),
(1173, 72, 'IPV3', 0, 0, 'No', ''),
(1174, 72, 'PCV1', 0, 0, 'No', ''),
(1175, 72, 'PCV2', 0, 0, 'No', ''),
(1176, 72, 'Rotavirus1', 0, 0, 'No', ''),
(1177, 72, 'Rotavirus2', 0, 0, 'No', ''),
(1178, 72, 'MMR', 0, 0, 'No', ''),
(1179, 72, 'Influenza', 0, 0, 'No', ''),
(1180, 72, 'HepA1', 0, 0, 'No', ''),
(1181, 72, 'HepA2', 0, 0, 'No', ''),
(1182, 72, 'DTaP3', 0, 0, 'No', ''),
(1183, 73, 'BCG', 0, 0, 'No', 'BCG vaccine should be given shortly after birth'),
(1184, 73, 'HepB1', 0, 0, 'No', ''),
(1185, 73, 'HepB2', 0, 0, 'No', ''),
(1186, 73, 'HepB3', 0, 0, 'No', ''),
(1187, 73, 'DTaP1', 0, 0, 'No', ''),
(1188, 73, 'DTaP2', 0, 0, 'No', ''),
(1189, 73, 'HiB1', 0, 0, 'No', ''),
(1190, 73, 'HiB2', 0, 0, 'No', ''),
(1191, 73, 'IPV1', 0, 0, 'No', ''),
(1192, 73, 'IPV2', 0, 0, 'No', ''),
(1193, 73, 'IPV3', 0, 0, 'No', ''),
(1194, 73, 'PCV1', 0, 0, 'No', ''),
(1195, 73, 'PCV2', 0, 0, 'No', ''),
(1196, 73, 'Rotavirus1', 0, 0, 'No', ''),
(1197, 73, 'Rotavirus2', 0, 0, 'No', ''),
(1198, 73, 'MMR', 0, 0, 'No', ''),
(1199, 73, 'Influenza', 0, 0, 'No', ''),
(1200, 73, 'HepA1', 0, 0, 'No', ''),
(1201, 73, 'HepA2', 0, 0, 'No', ''),
(1202, 73, 'DTaP3', 0, 0, 'No', ''),
(1203, 74, 'BCG', 0, 0, 'No', 'BCG vaccine should be given shortly after birth'),
(1204, 74, 'HepB1', 0, 0, 'No', ''),
(1205, 74, 'HepB2', 0, 0, 'No', ''),
(1206, 74, 'HepB3', 0, 0, 'No', ''),
(1207, 74, 'DTaP1', 0, 0, 'No', ''),
(1208, 74, 'DTaP2', 0, 0, 'No', ''),
(1209, 74, 'HiB1', 0, 0, 'No', ''),
(1210, 74, 'HiB2', 0, 0, 'No', ''),
(1211, 74, 'IPV1', 0, 0, 'No', ''),
(1212, 74, 'IPV2', 0, 0, 'No', ''),
(1213, 74, 'IPV3', 0, 0, 'No', ''),
(1214, 74, 'PCV1', 0, 0, 'No', ''),
(1215, 74, 'PCV2', 0, 0, 'No', ''),
(1216, 74, 'Rotavirus1', 0, 0, 'No', ''),
(1217, 74, 'Rotavirus2', 0, 0, 'No', ''),
(1218, 74, 'MMR', 0, 0, 'No', ''),
(1219, 74, 'Influenza', 0, 0, 'No', ''),
(1220, 74, 'HepA1', 0, 0, 'No', ''),
(1221, 74, 'HepA2', 0, 0, 'No', ''),
(1222, 74, 'DTaP3', 0, 0, 'No', ''),
(1223, 75, 'BCG', 0, 0, 'No', 'BCG vaccine should be given shortly after birth'),
(1224, 75, 'HepB1', 0, 0, 'No', ''),
(1225, 75, 'HepB2', 0, 0, 'No', ''),
(1226, 75, 'HepB3', 0, 0, 'No', ''),
(1227, 75, 'DTaP1', 0, 0, 'No', ''),
(1228, 75, 'DTaP2', 0, 0, 'No', ''),
(1229, 75, 'HiB1', 0, 0, 'No', ''),
(1230, 75, 'HiB2', 0, 0, 'No', ''),
(1231, 75, 'IPV1', 0, 0, 'No', ''),
(1232, 75, 'IPV2', 0, 0, 'No', ''),
(1233, 75, 'IPV3', 0, 0, 'No', ''),
(1234, 75, 'PCV1', 0, 0, 'No', ''),
(1235, 75, 'PCV2', 0, 0, 'No', ''),
(1236, 75, 'Rotavirus1', 0, 0, 'No', ''),
(1237, 75, 'Rotavirus2', 0, 0, 'No', ''),
(1238, 75, 'MMR', 0, 0, 'No', ''),
(1239, 75, 'Influenza', 0, 0, 'No', ''),
(1240, 75, 'HepA1', 0, 0, 'No', ''),
(1241, 75, 'HepA2', 0, 0, 'No', ''),
(1242, 75, 'DTaP3', 0, 0, 'No', ''),
(1243, 76, 'BCG', 0, 0, 'No', 'BCG vaccine should be given shortly after birth'),
(1244, 76, 'HepB1', 0, 0, 'No', ''),
(1245, 76, 'HepB2', 0, 0, 'No', ''),
(1246, 76, 'HepB3', 0, 0, 'No', ''),
(1247, 76, 'DTaP1', 0, 0, 'No', ''),
(1248, 76, 'DTaP2', 0, 0, 'No', ''),
(1249, 76, 'HiB1', 0, 0, 'No', ''),
(1250, 76, 'HiB2', 0, 0, 'No', ''),
(1251, 76, 'IPV1', 0, 0, 'No', ''),
(1252, 76, 'IPV2', 0, 0, 'No', ''),
(1253, 76, 'IPV3', 0, 0, 'No', ''),
(1254, 76, 'PCV1', 0, 0, 'No', ''),
(1255, 76, 'PCV2', 0, 0, 'No', ''),
(1256, 76, 'Rotavirus1', 0, 0, 'No', ''),
(1257, 76, 'Rotavirus2', 0, 0, 'No', ''),
(1258, 76, 'MMR', 0, 0, 'No', ''),
(1259, 76, 'Influenza', 0, 0, 'No', ''),
(1260, 76, 'HepA1', 0, 0, 'No', ''),
(1261, 76, 'HepA2', 0, 0, 'No', ''),
(1262, 76, 'DTaP3', 0, 0, 'No', ''),
(1263, 77, 'BCG', 0, 0, '1st dose', 'BCG vaccine should be given shortly after birth'),
(1264, 77, 'HepB1', 0, 0, '1st dose', ''),
(1265, 77, 'HepB2', 0, 0, 'No', ''),
(1266, 77, 'HepB3', 0, 0, 'No', ''),
(1267, 77, 'DTaP1', 0, 0, 'No', ''),
(1268, 77, 'DTaP2', 0, 0, 'No', ''),
(1269, 77, 'HiB1', 0, 0, 'No', ''),
(1270, 77, 'HiB2', 0, 0, 'No', ''),
(1271, 77, 'IPV1', 0, 0, 'No', ''),
(1272, 77, 'IPV2', 0, 0, 'No', ''),
(1273, 77, 'IPV3', 0, 0, 'No', ''),
(1274, 77, 'PCV1', 0, 0, 'No', ''),
(1275, 77, 'PCV2', 0, 0, 'No', ''),
(1276, 77, 'Rotavirus1', 0, 0, 'No', ''),
(1277, 77, 'Rotavirus2', 0, 0, 'No', ''),
(1278, 77, 'MMR', 0, 0, 'No', ''),
(1279, 77, 'Influenza', 0, 0, 'No', ''),
(1280, 77, 'HepA1', 0, 0, 'No', ''),
(1281, 77, 'HepA2', 0, 0, 'No', ''),
(1282, 77, 'DTaP3', 0, 0, 'No', ''),
(1283, 78, 'BCG', 0, 0, 'No', 'BCG vaccine should be given shortly after birth'),
(1284, 78, 'HepB1', 0, 0, 'No', 'First vaccine Hepatitis B should be given after birth'),
(1285, 78, 'HepB2', 0, 0, 'No', 'Second vaccine Hepatitis B should be given 1 month after the first dose was taken'),
(1286, 78, 'HepB3', 0, 0, 'No', 'Third vaccine Hepatitis B should be given 6 months after the second dose was taken'),
(1287, 78, 'DTaP1', 0, 0, 'No', 'First DTaP vaccine should be given 6 weeks after birth'),
(1288, 78, 'DTaP2', 0, 0, 'No', ''),
(1289, 78, 'HiB1', 0, 0, 'No', 'First HiB vaccine should be given 6 weeks after birth'),
(1290, 78, 'HiB2', 0, 0, 'No', 'Second HiB vaccine should be given 10 weeks after the first dose was taken'),
(1291, 78, 'IPV1', 0, 0, 'No', 'First IPV vaccine should be given 6 weeks after birth'),
(1292, 78, 'IPV2', 0, 0, 'No', 'Second IPV vaccine should be given 10 weeks after the first dose was taken'),
(1293, 78, 'IPV3', 0, 0, 'No', 'Third IPV vaccine should be 14 weeks after the second dose was taken'),
(1294, 78, 'PCV1', 0, 0, 'No', 'First PCV vaccine should be given 6 weeks after birth'),
(1295, 78, 'PCV2', 0, 0, 'No', 'Second PCV vaccine should be given 10 weeks after the first dose was taken'),
(1296, 78, 'Rotavirus1', 0, 0, 'No', 'First  Rotavirus vaccine should be given 6 weeks after birth'),
(1297, 78, 'Rotavirus2', 0, 0, 'No', 'Second Rotavirus vaccine should be given 10 weeks after the first dose was taken'),
(1298, 78, 'MMR', 0, 0, 'No', ''),
(1299, 78, 'Influenza', 0, 0, 'No', ''),
(1300, 78, 'HepA1', 0, 0, 'No', ''),
(1301, 78, 'HepA2', 0, 0, 'No', ''),
(1302, 78, 'DTaP3', 0, 0, 'No', 'Third DTaP vaccine should be 14 weeks after the second dose was taken'),
(1303, 79, 'BCG', 0, 0, 'No', 'BCG vaccine should be given shortly after birth'),
(1304, 79, 'HepB1', 0, 0, 'No', 'First vaccine Hepatitis B should be given after birth'),
(1305, 79, 'HepB2', 0, 0, 'No', 'Second vaccine Hepatitis B should be given 1 month after the first dose was taken'),
(1306, 79, 'HepB3', 0, 0, 'No', 'Third vaccine Hepatitis B should be given 6 months after the second dose was taken'),
(1307, 79, 'DTaP1', 0, 0, 'No', 'First DTaP vaccine should be given 6 weeks after birth'),
(1308, 79, 'DTaP2', 0, 0, 'No', ''),
(1309, 79, 'HiB1', 0, 0, 'No', 'First HiB vaccine should be given 6 weeks after birth'),
(1310, 79, 'HiB2', 0, 0, 'No', 'Second HiB vaccine should be given 10 weeks after the first dose was taken'),
(1311, 79, 'IPV1', 0, 0, 'No', 'First IPV vaccine should be given 6 weeks after birth'),
(1312, 79, 'IPV2', 0, 0, 'No', 'Second IPV vaccine should be given 10 weeks after the first dose was taken'),
(1313, 79, 'IPV3', 0, 0, 'No', 'Third IPV vaccine should be 14 weeks after the second dose was taken'),
(1314, 79, 'PCV1', 0, 0, 'No', 'First PCV vaccine should be given 6 weeks after birth'),
(1315, 79, 'PCV2', 0, 0, 'No', 'Second PCV vaccine should be given 10 weeks after the first dose was taken'),
(1316, 79, 'Rotavirus1', 0, 0, 'No', 'First  Rotavirus vaccine should be given 6 weeks after birth'),
(1317, 79, 'Rotavirus2', 0, 0, 'No', 'Second Rotavirus vaccine should be given 10 weeks after the first dose was taken'),
(1318, 79, 'MMR', 0, 0, 'No', ''),
(1319, 79, 'Influenza', 0, 0, 'No', ''),
(1320, 79, 'HepA1', 0, 0, 'No', ''),
(1321, 79, 'HepA2', 0, 0, 'No', ''),
(1322, 79, 'DTaP3', 0, 0, 'No', 'Third DTaP vaccine should be 14 weeks after the second dose was taken'),
(1323, 80, 'BCG', 0, 0, '1st dose', 'BCG vaccine should be given shortly after birth'),
(1324, 80, 'HepB1', 0, 0, '1st dose', 'First vaccine Hepatitis B should be given after birth'),
(1325, 80, 'HepB2', 0, 0, 'No', 'Second vaccine Hepatitis B should be given 1 month after the first dose was taken'),
(1326, 80, 'HepB3', 0, 0, 'No', 'Third vaccine Hepatitis B should be given 6 months after the second dose was taken'),
(1327, 80, 'DTaP1', 0, 0, 'No', 'First DTaP vaccine should be given 6 weeks after birth'),
(1328, 80, 'DTaP2', 0, 0, 'No', 'Second DTaP vaccine should be given 10 weeks after the first dose was taken'),
(1329, 80, 'HiB1', 0, 0, 'No', 'First HiB vaccine should be given 6 weeks after birth'),
(1330, 80, 'HiB2', 0, 0, 'No', 'Second HiB vaccine should be given 10 weeks after the first dose was taken'),
(1331, 80, 'IPV1', 0, 0, 'No', 'First IPV vaccine should be given 6 weeks after birth'),
(1332, 80, 'IPV2', 0, 0, 'No', 'Second IPV vaccine should be given 10 weeks after the first dose was taken'),
(1333, 80, 'IPV3', 0, 0, 'No', 'Third IPV vaccine should be 14 weeks after the second dose was taken'),
(1334, 80, 'PCV1', 0, 0, 'No', 'First PCV vaccine should be given 6 weeks after birth'),
(1335, 80, 'PCV2', 0, 0, 'No', 'Second PCV vaccine should be given 10 weeks after the first dose was taken'),
(1336, 80, 'Rotavirus1', 0, 0, 'No', 'First  Rotavirus vaccine should be given 6 weeks after birth');
INSERT INTO `child_vaccine_status` (`cvax_status_id`, `cid`, `vac_name`, `dosage_status`, `status`, `recommended_age`, `reco_age`) VALUES
(1337, 80, 'Rotavirus2', 0, 0, 'No', 'Second Rotavirus vaccine should be given 10 weeks after the first dose was taken'),
(1338, 80, 'MMR', 0, 0, 'No', ''),
(1339, 80, 'Influenza', 0, 0, 'No', ''),
(1340, 80, 'HepA1', 0, 0, 'No', ''),
(1341, 80, 'HepA2', 0, 0, 'No', ''),
(1342, 80, 'DTaP3', 0, 0, 'No', 'Third DTaP vaccine should be 14 weeks after the second dose was taken'),
(1343, 81, 'BCG', 0, 0, 'No', 'BCG vaccine should be given shortly after birth'),
(1344, 81, 'HepB1', 0, 0, 'No', 'First vaccine Hepatitis B should be given after birth'),
(1345, 81, 'HepB2', 0, 0, 'No', 'Second vaccine Hepatitis B should be given 1 month after the first dose was taken'),
(1346, 81, 'HepB3', 0, 0, 'No', 'Third vaccine Hepatitis B should be given 6 months after the second dose was taken'),
(1347, 81, 'DTaP1', 0, 0, 'No', 'First DTaP vaccine should be given 6 weeks after birth'),
(1348, 81, 'DTaP2', 0, 0, 'No', 'Second DTaP vaccine should be given 10 weeks after the first dose was taken'),
(1349, 81, 'HiB1', 0, 0, 'No', 'First HiB vaccine should be given 6 weeks after birth'),
(1350, 81, 'HiB2', 0, 0, 'No', 'Second HiB vaccine should be given 10 weeks after the first dose was taken'),
(1351, 81, 'IPV1', 0, 0, 'No', 'First IPV vaccine should be given 6 weeks after birth'),
(1352, 81, 'IPV2', 0, 0, 'No', 'Second IPV vaccine should be given 10 weeks after the first dose was taken'),
(1353, 81, 'IPV3', 0, 0, 'No', 'Third IPV vaccine should be 14 weeks after the second dose was taken'),
(1354, 81, 'PCV1', 0, 0, 'No', 'First PCV vaccine should be given 6 weeks after birth'),
(1355, 81, 'PCV2', 0, 0, 'No', 'Second PCV vaccine should be given 10 weeks after the first dose was taken'),
(1356, 81, 'Rotavirus1', 0, 0, 'No', 'First  Rotavirus vaccine should be given 6 weeks after birth'),
(1357, 81, 'Rotavirus2', 0, 0, 'No', 'Second Rotavirus vaccine should be given 10 weeks after the first dose was taken'),
(1358, 81, 'MMR', 0, 0, 'No', ''),
(1359, 81, 'Influenza', 0, 0, 'No', ''),
(1360, 81, 'HepA1', 0, 0, 'No', ''),
(1361, 81, 'HepA2', 0, 0, 'No', ''),
(1362, 81, 'DTaP3', 0, 0, 'No', 'Third DTaP vaccine should be 14 weeks after the second dose was taken'),
(1363, 82, 'BCG', 0, 0, 'No', 'BCG vaccine should be given shortly after birth'),
(1364, 82, 'HepB1', 0, 0, 'No', 'First vaccine Hepatitis B should be given after birth'),
(1365, 82, 'HepB2', 0, 0, 'No', 'Second vaccine Hepatitis B should be given 1 month after the first dose was taken'),
(1366, 82, 'HepB3', 0, 0, 'No', 'Third vaccine Hepatitis B should be given 6 months after the second dose was taken'),
(1367, 82, 'DTaP1', 0, 0, 'No', 'First DTaP vaccine should be given 6 weeks after birth'),
(1368, 82, 'DTaP2', 0, 0, 'No', 'Second DTaP vaccine should be given 10 weeks after the first dose was taken'),
(1369, 82, 'HiB1', 0, 0, 'No', 'First HiB vaccine should be given 6 weeks after birth'),
(1370, 82, 'HiB2', 0, 0, 'No', 'Second HiB vaccine should be given 10 weeks after the first dose was taken'),
(1371, 82, 'IPV1', 0, 0, 'No', 'First IPV vaccine should be given 6 weeks after birth'),
(1372, 82, 'IPV2', 0, 0, 'No', 'Second IPV vaccine should be given 10 weeks after the first dose was taken'),
(1373, 82, 'IPV3', 0, 0, 'No', 'Third IPV vaccine should be 14 weeks after the second dose was taken'),
(1374, 82, 'PCV1', 0, 0, 'No', 'First PCV vaccine should be given 6 weeks after birth'),
(1375, 82, 'PCV2', 0, 0, 'No', 'Second PCV vaccine should be given 10 weeks after the first dose was taken'),
(1376, 82, 'Rotavirus1', 0, 0, 'No', 'First  Rotavirus vaccine should be given 6 weeks after birth'),
(1377, 82, 'Rotavirus2', 0, 0, 'No', 'Second Rotavirus vaccine should be given 10 weeks after the first dose was taken'),
(1378, 82, 'MMR', 0, 0, 'No', ''),
(1379, 82, 'Influenza', 0, 0, 'No', ''),
(1380, 82, 'HepA1', 0, 0, 'No', ''),
(1381, 82, 'HepA2', 0, 0, 'No', ''),
(1382, 82, 'DTaP3', 0, 0, 'No', 'Third DTaP vaccine should be 14 weeks after the second dose was taken'),
(1383, 83, 'BCG', 0, 0, '1st dose', 'BCG vaccine should be given shortly after birth'),
(1384, 83, 'HepB1', 0, 0, '1st dose', 'First vaccine Hepatitis B should be given after birth'),
(1385, 83, 'HepB2', 0, 0, 'No', 'Second vaccine Hepatitis B should be given 1 month after the first dose was taken'),
(1386, 83, 'HepB3', 0, 0, 'No', 'Third vaccine Hepatitis B should be given 6 months after the second dose was taken'),
(1387, 83, 'DTaP1', 0, 0, 'No', 'First DTaP vaccine should be given 6 weeks after birth'),
(1388, 83, 'DTaP2', 0, 0, 'No', 'Second DTaP vaccine should be given 10 weeks after the first dose was taken'),
(1389, 83, 'HiB1', 0, 0, 'No', 'First HiB vaccine should be given 6 weeks after birth'),
(1390, 83, 'HiB2', 0, 0, 'No', 'Second HiB vaccine should be given 10 weeks after the first dose was taken'),
(1391, 83, 'IPV1', 0, 0, 'No', 'First IPV vaccine should be given 6 weeks after birth'),
(1392, 83, 'IPV2', 0, 0, 'No', 'Second IPV vaccine should be given 10 weeks after the first dose was taken'),
(1393, 83, 'IPV3', 0, 0, 'No', 'Third IPV vaccine should be 14 weeks after the second dose was taken'),
(1394, 83, 'PCV1', 0, 0, 'No', 'First PCV vaccine should be given 6 weeks after birth'),
(1395, 83, 'PCV2', 0, 0, 'No', 'Second PCV vaccine should be given 10 weeks after the first dose was taken'),
(1396, 83, 'Rotavirus1', 0, 0, 'No', 'First  Rotavirus vaccine should be given 6 weeks after birth'),
(1397, 83, 'Rotavirus2', 0, 0, 'No', 'Second Rotavirus vaccine should be given 10 weeks after the first dose was taken'),
(1398, 83, 'MMR', 0, 0, 'No', ''),
(1399, 83, 'Influenza', 0, 0, 'No', ''),
(1400, 83, 'HepA1', 0, 0, 'No', ''),
(1401, 83, 'HepA2', 0, 0, 'No', ''),
(1402, 83, 'DTaP3', 0, 0, 'No', 'Third DTaP vaccine should be 14 weeks after the second dose was taken'),
(1403, 84, 'BCG', 0, 0, '1st dose', 'BCG vaccine should be given shortly after birth'),
(1404, 84, 'HepB1', 0, 0, '1st dose', 'First vaccine Hepatitis B should be given after birth'),
(1405, 84, 'HepB2', 0, 0, 'No', 'Second vaccine Hepatitis B should be given 1 month after the first dose was taken'),
(1406, 84, 'HepB3', 0, 0, 'No', 'Third vaccine Hepatitis B should be given 6 months after the second dose was taken'),
(1407, 84, 'DTaP1', 0, 0, '1st dose', 'First DTaP vaccine should be given 6 weeks after birth'),
(1408, 84, 'DTaP2', 0, 0, 'No', 'Second DTaP vaccine should be given 10 weeks after the first dose was taken'),
(1409, 84, 'HiB1', 0, 0, '1st dose', 'First HiB vaccine should be given 6 weeks after birth'),
(1410, 84, 'HiB2', 0, 0, 'No', 'Second HiB vaccine should be given 10 weeks after the first dose was taken'),
(1411, 84, 'IPV1', 0, 0, '1st dose', 'First IPV vaccine should be given 6 weeks after birth'),
(1412, 84, 'IPV2', 0, 0, 'No', 'Second IPV vaccine should be given 10 weeks after the first dose was taken'),
(1413, 84, 'IPV3', 0, 0, 'No', 'Third IPV vaccine should be 14 weeks after the second dose was taken'),
(1414, 84, 'PCV1', 0, 0, '1st dose', 'First PCV vaccine should be given 6 weeks after birth'),
(1415, 84, 'PCV2', 0, 0, 'No', 'Second PCV vaccine should be given 10 weeks after the first dose was taken'),
(1416, 84, 'Rotavirus1', 0, 0, '1st dose', 'First  Rotavirus vaccine should be given 6 weeks after birth'),
(1417, 84, 'Rotavirus2', 0, 0, 'No', 'Second Rotavirus vaccine should be given 10 weeks after the first dose was taken'),
(1418, 84, 'MMR', 0, 0, '1st dose', ''),
(1419, 84, 'Influenza', 0, 0, '1st dose', ''),
(1420, 84, 'HepA1', 0, 0, '1st dose', ''),
(1421, 84, 'HepA2', 0, 0, 'No', ''),
(1422, 84, 'DTaP3', 0, 0, 'No', 'Third DTaP vaccine should be 14 weeks after the second dose was taken'),
(1423, 85, 'BCG', 0, 0, 'No', 'BCG vaccine should be given shortly after birth'),
(1424, 85, 'HepB1', 0, 0, 'No', 'First vaccine Hepatitis B should be given after birth'),
(1425, 85, 'HepB2', 0, 0, 'No', 'Second vaccine Hepatitis B should be given 1 month after the first dose was taken'),
(1426, 85, 'HepB3', 0, 0, 'No', 'Third vaccine Hepatitis B should be given 6 months after the second dose was taken'),
(1427, 85, 'DTaP1', 0, 0, 'No', 'First DTaP vaccine should be given 6 weeks after birth'),
(1428, 85, 'DTaP2', 0, 0, 'No', 'Second DTaP vaccine should be given 10 weeks after the first dose was taken'),
(1429, 85, 'HiB1', 0, 0, 'No', 'First HiB vaccine should be given 6 weeks after birth'),
(1430, 85, 'HiB2', 0, 0, 'No', 'Second HiB vaccine should be given 10 weeks after the first dose was taken'),
(1431, 85, 'IPV1', 0, 0, 'No', 'First IPV vaccine should be given 6 weeks after birth'),
(1432, 85, 'IPV2', 0, 0, 'No', 'Second IPV vaccine should be given 10 weeks after the first dose was taken'),
(1433, 85, 'IPV3', 0, 0, 'No', 'Third IPV vaccine should be 14 weeks after the second dose was taken'),
(1434, 85, 'PCV1', 0, 0, 'No', 'First PCV vaccine should be given 6 weeks after birth'),
(1435, 85, 'PCV2', 0, 0, 'No', 'Second PCV vaccine should be given 10 weeks after the first dose was taken'),
(1436, 85, 'Rotavirus1', 0, 0, 'No', 'First  Rotavirus vaccine should be given 6 weeks after birth'),
(1437, 85, 'Rotavirus2', 0, 0, 'No', 'Second Rotavirus vaccine should be given 10 weeks after the first dose was taken'),
(1438, 85, 'MMR', 0, 0, 'No', ''),
(1439, 85, 'Influenza', 0, 0, 'No', ''),
(1440, 85, 'HepA1', 0, 0, 'No', ''),
(1441, 85, 'HepA2', 0, 0, 'No', ''),
(1442, 85, 'DTaP3', 0, 0, 'No', 'Third DTaP vaccine should be 14 weeks after the second dose was taken'),
(1443, 86, 'BCG', 0, 0, '1st dose', 'BCG vaccine should be given shortly after birth'),
(1444, 86, 'HepB1', 0, 0, '1st dose', 'First vaccine Hepatitis B should be given after birth'),
(1445, 86, 'HepB2', 0, 0, 'No', 'Second vaccine Hepatitis B should be given 1 month after the first dose was taken'),
(1446, 86, 'HepB3', 0, 0, 'No', 'Third vaccine Hepatitis B should be given 6 months after the second dose was taken'),
(1447, 86, 'DTaP1', 0, 0, 'No', 'First DTaP vaccine should be given 6 weeks after birth'),
(1448, 86, 'DTaP2', 0, 0, 'No', 'Second DTaP vaccine should be given 10 weeks after the first dose was taken'),
(1449, 86, 'HiB1', 0, 0, 'No', 'First HiB vaccine should be given 6 weeks after birth'),
(1450, 86, 'HiB2', 0, 0, 'No', 'Second HiB vaccine should be given 10 weeks after the first dose was taken'),
(1451, 86, 'IPV1', 0, 0, 'No', 'First IPV vaccine should be given 6 weeks after birth'),
(1452, 86, 'IPV2', 0, 0, 'No', 'Second IPV vaccine should be given 10 weeks after the first dose was taken'),
(1453, 86, 'IPV3', 0, 0, 'No', 'Third IPV vaccine should be 14 weeks after the second dose was taken'),
(1454, 86, 'PCV1', 0, 0, 'No', 'First PCV vaccine should be given 6 weeks after birth'),
(1455, 86, 'PCV2', 0, 0, 'No', 'Second PCV vaccine should be given 10 weeks after the first dose was taken'),
(1456, 86, 'Rotavirus1', 0, 0, 'No', 'First  Rotavirus vaccine should be given 6 weeks after birth'),
(1457, 86, 'Rotavirus2', 0, 0, 'No', 'Second Rotavirus vaccine should be given 10 weeks after the first dose was taken'),
(1458, 86, 'MMR', 0, 0, 'No', ''),
(1459, 86, 'Influenza', 0, 0, 'No', ''),
(1460, 86, 'HepA1', 0, 0, 'No', ''),
(1461, 86, 'HepA2', 0, 0, 'No', ''),
(1462, 86, 'DTaP3', 0, 0, 'No', 'Third DTaP vaccine should be 14 weeks after the second dose was taken'),
(1463, 86, 'Rotavirus3', 0, 0, 'No', 'Third  Rotavirus vaccine should be 14 weeks after the second dose was taken'),
(1464, 86, 'HiB3', 0, 0, 'No', 'Third HiB vaccine should be 14 weeks after the second dose was taken'),
(1465, 86, 'PCV3', 0, 0, 'No', 'Third PCV vaccine should be 14 weeks after the second dose was taken'),
(1466, 86, 'MMR 2', 0, 0, 'No', ''),
(1467, 86, 'Influenza 2', 0, 0, 'No', ''),
(1468, 87, 'BCG', 1, 1, '1st dose', 'BCG vaccine should be given shortly after birth'),
(1469, 87, 'HepB1', 0, 0, '1st dose', 'First vaccine Hepatitis B should be given after birth'),
(1470, 87, 'HepB2', 0, 0, 'No', 'Second vaccine Hepatitis B should be given 1 month after the first dose was taken'),
(1471, 87, 'HepB3', 0, 0, 'No', 'Third vaccine Hepatitis B should be given 6 months after the second dose was taken'),
(1472, 87, 'DTaP1', 0, 0, 'No', 'First DTaP vaccine should be given 6 weeks after birth'),
(1473, 87, 'DTaP2', 0, 0, 'No', 'Second DTaP vaccine should be given 10 weeks after the first dose was taken'),
(1474, 87, 'HiB1', 0, 0, 'No', 'First HiB vaccine should be given 6 weeks after birth'),
(1475, 87, 'HiB2', 0, 0, 'No', 'Second HiB vaccine should be given 10 weeks after the first dose was taken'),
(1476, 87, 'IPV1', 0, 0, 'No', 'First IPV vaccine should be given 6 weeks after birth'),
(1477, 87, 'IPV2', 0, 0, 'No', 'Second IPV vaccine should be given 10 weeks after the first dose was taken'),
(1478, 87, 'IPV3', 0, 0, 'No', 'Third IPV vaccine should be 14 weeks after the second dose was taken'),
(1479, 87, 'PCV1', 0, 0, 'No', 'First PCV vaccine should be given 6 weeks after birth'),
(1480, 87, 'PCV2', 0, 0, 'No', 'Second PCV vaccine should be given 10 weeks after the first dose was taken'),
(1481, 87, 'Rotavirus1', 0, 0, 'No', 'First  Rotavirus vaccine should be given 6 weeks after birth'),
(1482, 87, 'Rotavirus2', 0, 0, 'No', 'Second Rotavirus vaccine should be given 10 weeks after the first dose was taken'),
(1483, 87, 'MMR', 0, 0, 'No', ''),
(1484, 87, 'Influenza', 0, 0, 'No', ''),
(1485, 87, 'HepA1', 0, 0, 'No', ''),
(1486, 87, 'HepA2', 0, 0, 'No', ''),
(1487, 87, 'DTaP3', 0, 0, 'No', 'Third DTaP vaccine should be 14 weeks after the second dose was taken'),
(1488, 87, 'Rotavirus3', 0, 0, 'No', 'Third  Rotavirus vaccine should be 14 weeks after the second dose was taken'),
(1489, 87, 'HiB3', 0, 0, 'No', 'Third HiB vaccine should be 14 weeks after the second dose was taken'),
(1490, 87, 'PCV3', 0, 0, 'No', 'Third PCV vaccine should be 14 weeks after the second dose was taken'),
(1491, 87, 'MMR 2', 0, 0, 'No', ''),
(1492, 87, 'Influenza 2', 0, 0, 'No', ''),
(1493, 88, 'BCG', 0, 0, '1st dose', 'BCG vaccine should be given shortly after birth'),
(1494, 88, 'HepB1', 0, 0, '1st dose', 'First vaccine Hepatitis B should be given after birth'),
(1495, 88, 'HepB2', 0, 0, 'No', 'Second vaccine Hepatitis B should be given 1 month after the first dose was taken'),
(1496, 88, 'HepB3', 0, 0, 'No', 'Third vaccine Hepatitis B should be given 6 months after the second dose was taken'),
(1497, 88, 'DTaP1', 0, 0, 'No', 'First DTaP vaccine should be given 6 weeks after birth'),
(1498, 88, 'DTaP2', 0, 0, 'No', 'Second DTaP vaccine should be given 10 weeks after the first dose was taken'),
(1499, 88, 'HiB1', 0, 0, 'No', 'First HiB vaccine should be given 6 weeks after birth'),
(1500, 88, 'HiB2', 0, 0, 'No', 'Second HiB vaccine should be given 10 weeks after the first dose was taken'),
(1501, 88, 'IPV1', 0, 0, 'No', 'First IPV vaccine should be given 6 weeks after birth'),
(1502, 88, 'IPV2', 0, 0, 'No', 'Second IPV vaccine should be given 10 weeks after the first dose was taken'),
(1503, 88, 'IPV3', 0, 0, 'No', 'Third IPV vaccine should be 14 weeks after the second dose was taken'),
(1504, 88, 'PCV1', 0, 0, 'No', 'First PCV vaccine should be given 6 weeks after birth'),
(1505, 88, 'PCV2', 0, 0, 'No', 'Second PCV vaccine should be given 10 weeks after the first dose was taken'),
(1506, 88, 'Rotavirus1', 0, 0, 'No', 'First  Rotavirus vaccine should be given 6 weeks after birth'),
(1507, 88, 'Rotavirus2', 0, 0, 'No', 'Second Rotavirus vaccine should be given 10 weeks after the first dose was taken'),
(1508, 88, 'MMR', 0, 0, 'No', ''),
(1509, 88, 'Influenza', 0, 0, 'No', ''),
(1510, 88, 'HepA1', 0, 0, 'No', ''),
(1511, 88, 'HepA2', 0, 0, 'No', ''),
(1512, 88, 'DTaP3', 0, 0, 'No', 'Third DTaP vaccine should be 14 weeks after the second dose was taken'),
(1513, 88, 'Rotavirus3', 0, 0, 'No', 'Third  Rotavirus vaccine should be 14 weeks after the second dose was taken'),
(1514, 88, 'HiB3', 0, 0, 'No', 'Third HiB vaccine should be 14 weeks after the second dose was taken'),
(1515, 88, 'PCV3', 0, 0, 'No', 'Third PCV vaccine should be 14 weeks after the second dose was taken'),
(1516, 88, 'MMR2', 0, 0, 'No', ''),
(1517, 88, 'Influenza2', 0, 0, 'No', ''),
(1518, 90, 'BCG', 0, 0, '1st dose', 'BCG vaccine should be given shortly after birth'),
(1519, 90, 'HepB1', 0, 0, '1st dose', 'First vaccine Hepatitis B should be given after birth'),
(1520, 90, 'HepB2', 0, 0, 'No', 'Second vaccine Hepatitis B should be given 1 month after the first dose was taken'),
(1521, 90, 'HepB3', 0, 0, 'No', 'Third vaccine Hepatitis B should be given 6 months after the second dose was taken'),
(1522, 90, 'DTaP1', 0, 0, 'No', 'First DTaP vaccine should be given 6 weeks after birth'),
(1523, 90, 'DTaP2', 0, 0, 'No', 'Second DTaP vaccine should be given 10 weeks after the first dose was taken'),
(1524, 90, 'HiB1', 0, 0, 'No', 'First HiB vaccine should be given 6 weeks after birth'),
(1525, 90, 'HiB2', 0, 0, 'No', 'Second HiB vaccine should be given 10 weeks after the first dose was taken'),
(1526, 90, 'IPV1', 0, 0, 'No', 'First IPV vaccine should be given 6 weeks after birth'),
(1527, 90, 'IPV2', 0, 0, 'No', 'Second IPV vaccine should be given 10 weeks after the first dose was taken'),
(1528, 90, 'IPV3', 0, 0, 'No', 'Third IPV vaccine should be 14 weeks after the second dose was taken'),
(1529, 90, 'PCV1', 0, 0, 'No', 'First PCV vaccine should be given 6 weeks after birth'),
(1530, 90, 'PCV2', 0, 0, 'No', 'Second PCV vaccine should be given 10 weeks after the first dose was taken'),
(1531, 90, 'Rotavirus1', 0, 0, 'No', 'First  Rotavirus vaccine should be given 6 weeks after birth'),
(1532, 90, 'Rotavirus2', 0, 0, 'No', 'Second Rotavirus vaccine should be given 10 weeks after the first dose was taken'),
(1533, 90, 'MMR', 0, 0, 'No', ''),
(1534, 90, 'Influenza', 0, 0, 'No', ''),
(1535, 90, 'HepA1', 0, 0, 'No', ''),
(1536, 90, 'HepA2', 0, 0, 'No', ''),
(1537, 90, 'DTaP3', 0, 0, 'No', 'Third DTaP vaccine should be 14 weeks after the second dose was taken'),
(1538, 90, 'Rotavirus3', 0, 0, 'No', 'Third  Rotavirus vaccine should be 14 weeks after the second dose was taken'),
(1539, 90, 'HiB3', 0, 0, 'No', 'Third HiB vaccine should be 14 weeks after the second dose was taken'),
(1540, 90, 'PCV3', 0, 0, 'No', 'Third PCV vaccine should be 14 weeks after the second dose was taken'),
(1541, 90, 'MMR2', 0, 0, 'No', ''),
(1542, 90, 'Influenza2', 0, 0, 'No', ''),
(1543, 94, 'BCG', 0, 0, '1st dose', 'BCG vaccine should be given shortly after birth'),
(1544, 94, 'HepB1', 0, 0, '1st dose', 'First vaccine Hepatitis B should be given after birth'),
(1545, 94, 'HepB2', 0, 0, 'No', 'Second vaccine Hepatitis B should be given 1 month after the first dose was taken'),
(1546, 94, 'HepB3', 0, 0, 'No', 'Third vaccine Hepatitis B should be given 6 months after the second dose was taken'),
(1547, 94, 'DTaP1', 0, 0, 'No', 'First DTaP vaccine should be given 6 weeks after birth'),
(1548, 94, 'DTaP2', 0, 0, 'No', 'Second DTaP vaccine should be given 10 weeks after the first dose was taken'),
(1549, 94, 'HiB1', 0, 0, 'No', 'First HiB vaccine should be given 6 weeks after birth'),
(1550, 94, 'HiB2', 0, 0, 'No', 'Second HiB vaccine should be given 10 weeks after the first dose was taken'),
(1551, 94, 'IPV1', 0, 0, 'No', 'First IPV vaccine should be given 6 weeks after birth'),
(1552, 94, 'IPV2', 0, 0, 'No', 'Second IPV vaccine should be given 10 weeks after the first dose was taken'),
(1553, 94, 'IPV3', 0, 0, 'No', 'Third IPV vaccine should be 14 weeks after the second dose was taken'),
(1554, 94, 'PCV1', 0, 0, 'No', 'First PCV vaccine should be given 6 weeks after birth'),
(1555, 94, 'PCV2', 0, 0, 'No', 'Second PCV vaccine should be given 10 weeks after the first dose was taken'),
(1556, 94, 'Rotavirus1', 0, 0, 'No', 'First  Rotavirus vaccine should be given 6 weeks after birth'),
(1557, 94, 'Rotavirus2', 0, 0, 'No', 'Second Rotavirus vaccine should be given 10 weeks after the first dose was taken'),
(1558, 94, 'MMR', 0, 0, 'No', ''),
(1559, 94, 'Influenza', 0, 0, 'No', ''),
(1560, 94, 'HepA1', 0, 0, 'No', ''),
(1561, 94, 'HepA2', 0, 0, 'No', ''),
(1562, 94, 'DTaP3', 0, 0, 'No', 'Third DTaP vaccine should be 14 weeks after the second dose was taken'),
(1563, 94, 'Rotavirus3', 0, 0, 'No', 'Third  Rotavirus vaccine should be 14 weeks after the second dose was taken'),
(1564, 94, 'HiB3', 0, 0, 'No', 'Third HiB vaccine should be 14 weeks after the second dose was taken'),
(1565, 94, 'PCV3', 0, 0, 'No', 'Third PCV vaccine should be 14 weeks after the second dose was taken'),
(1566, 94, 'MMR2', 0, 0, 'No', ''),
(1567, 94, 'Influenza2', 0, 0, 'No', ''),
(1568, 96, 'BCG', 1, 1, '1st dose', 'BCG vaccine should be given shortly after birth'),
(1569, 96, 'HepB1', 1, 1, '1st dose', 'First vaccine Hepatitis B should be given after birth'),
(1570, 96, 'HepB2', 0, 0, 'No', 'Second vaccine Hepatitis B should be given 1 month after the first dose was taken'),
(1571, 96, 'HepB3', 0, 0, 'No', 'Third vaccine Hepatitis B should be given 6 months after the second dose was taken'),
(1572, 96, 'DTaP1', 0, 0, 'No', 'First DTaP vaccine should be given 6 weeks after birth'),
(1573, 96, 'DTaP2', 0, 0, 'No', 'Second DTaP vaccine should be given 10 weeks after the first dose was taken'),
(1574, 96, 'HiB1', 0, 0, 'No', 'First HiB vaccine should be given 6 weeks after birth'),
(1575, 96, 'HiB2', 0, 0, 'No', 'Second HiB vaccine should be given 10 weeks after the first dose was taken'),
(1576, 96, 'IPV1', 0, 0, 'No', 'First IPV vaccine should be given 6 weeks after birth'),
(1577, 96, 'IPV2', 0, 0, 'No', 'Second IPV vaccine should be given 10 weeks after the first dose was taken'),
(1578, 96, 'IPV3', 0, 0, 'No', 'Third IPV vaccine should be 14 weeks after the second dose was taken'),
(1579, 96, 'PCV1', 0, 0, 'No', 'First PCV vaccine should be given 6 weeks after birth'),
(1580, 96, 'PCV2', 0, 0, 'No', 'Second PCV vaccine should be given 10 weeks after the first dose was taken'),
(1581, 96, 'Rotavirus1', 0, 0, 'No', 'First  Rotavirus vaccine should be given 6 weeks after birth'),
(1582, 96, 'Rotavirus2', 0, 0, 'No', 'Second Rotavirus vaccine should be given 10 weeks after the first dose was taken'),
(1583, 96, 'MMR', 0, 0, 'No', ''),
(1584, 96, 'Influenza', 0, 0, 'No', ''),
(1585, 96, 'HepA1', 0, 0, 'No', ''),
(1586, 96, 'HepA2', 0, 0, 'No', ''),
(1587, 96, 'DTaP3', 0, 0, 'No', 'Third DTaP vaccine should be 14 weeks after the second dose was taken'),
(1588, 96, 'Rotavirus3', 0, 0, 'No', 'Third  Rotavirus vaccine should be 14 weeks after the second dose was taken'),
(1589, 96, 'HiB3', 0, 0, 'No', 'Third HiB vaccine should be 14 weeks after the second dose was taken'),
(1590, 96, 'PCV3', 0, 0, 'No', 'Third PCV vaccine should be 14 weeks after the second dose was taken'),
(1591, 96, 'MMR2', 0, 0, 'No', ''),
(1592, 96, 'Influenza2', 0, 0, 'No', ''),
(0, 89, 'BCG', 1, 2, 'No', 'BCG vaccine should be given shortly after birth'),
(0, 89, 'HepB1', 0, 0, 'No', 'First vaccine Hepatitis B should be given after birth'),
(0, 89, 'HepB2', 0, 0, 'No', 'Second vaccine Hepatitis B should be given 1 month after the first dose was taken'),
(0, 89, 'HepB3', 0, 0, 'No', 'Third vaccine Hepatitis B should be given 6 months after the second dose was taken'),
(0, 89, 'DTaP1', 0, 0, 'No', 'First DTaP vaccine should be given 6 weeks after birth'),
(0, 89, 'DTaP2', 0, 0, 'No', 'Second DTaP vaccine should be given 10 weeks after the first dose was taken'),
(0, 89, 'HiB1', 0, 0, 'No', 'First HiB vaccine should be given 6 weeks after birth'),
(0, 89, 'HiB2', 0, 0, 'No', 'Second HiB vaccine should be given 10 weeks after the first dose was taken'),
(0, 89, 'IPV1', 0, 0, 'No', 'First IPV vaccine should be given 6 weeks after birth'),
(0, 89, 'IPV2', 0, 0, 'No', 'Second IPV vaccine should be given 10 weeks after the first dose was taken'),
(0, 89, 'IPV3', 0, 0, 'No', 'Third IPV vaccine should be 14 weeks after the second dose was taken'),
(0, 89, 'PCV1', 0, 0, 'No', 'First PCV vaccine should be given 6 weeks after birth'),
(0, 89, 'PCV2', 0, 0, 'No', 'Second PCV vaccine should be given 10 weeks after the first dose was taken'),
(0, 89, 'Rotavirus1', 0, 0, 'No', 'First  Rotavirus vaccine should be given 6 weeks after birth'),
(0, 89, 'Rotavirus2', 0, 0, 'No', 'Second Rotavirus vaccine should be given 10 weeks after the first dose was taken'),
(0, 89, 'MMR', 0, 0, 'No', ''),
(0, 89, 'Influenza', 0, 0, 'No', ''),
(0, 89, 'HepA1', 0, 0, 'No', ''),
(0, 89, 'HepA2', 0, 0, 'No', ''),
(0, 89, 'DTaP3', 0, 0, 'No', 'Third DTaP vaccine should be 14 weeks after the second dose was taken'),
(0, 89, 'Rotavirus3', 0, 0, 'No', 'Third  Rotavirus vaccine should be 14 weeks after the second dose was taken'),
(0, 89, 'HiB3', 0, 0, 'No', 'Third HiB vaccine should be 14 weeks after the second dose was taken'),
(0, 89, 'PCV3', 0, 0, 'No', 'Third PCV vaccine should be 14 weeks after the second dose was taken'),
(0, 89, 'MMR2', 0, 0, 'No', ''),
(0, 89, 'Influenza2', 0, 0, 'No', ''),
(0, 94, 'BCG', 0, 0, 'No', 'BCG vaccine should be given shortly after birth'),
(0, 94, 'HepB1', 0, 0, 'No', 'First vaccine Hepatitis B should be given after birth'),
(0, 94, 'HepB2', 0, 0, 'No', 'Second vaccine Hepatitis B should be given 1 month after the first dose was taken'),
(0, 94, 'HepB3', 0, 0, 'No', 'Third vaccine Hepatitis B should be given 6 months after the second dose was taken'),
(0, 94, 'DTaP1', 0, 0, 'No', 'First DTaP vaccine should be given 6 weeks after birth'),
(0, 94, 'DTaP2', 0, 0, 'No', 'Second DTaP vaccine should be given 10 weeks after the first dose was taken'),
(0, 94, 'HiB1', 0, 0, 'No', 'First HiB vaccine should be given 6 weeks after birth'),
(0, 94, 'HiB2', 0, 0, 'No', 'Second HiB vaccine should be given 10 weeks after the first dose was taken'),
(0, 94, 'IPV1', 0, 0, 'No', 'First IPV vaccine should be given 6 weeks after birth'),
(0, 94, 'IPV2', 0, 0, 'No', 'Second IPV vaccine should be given 10 weeks after the first dose was taken'),
(0, 94, 'IPV3', 0, 0, 'No', 'Third IPV vaccine should be 14 weeks after the second dose was taken'),
(0, 94, 'PCV1', 0, 0, 'No', 'First PCV vaccine should be given 6 weeks after birth'),
(0, 94, 'PCV2', 0, 0, 'No', 'Second PCV vaccine should be given 10 weeks after the first dose was taken'),
(0, 94, 'Rotavirus1', 0, 0, 'No', 'First  Rotavirus vaccine should be given 6 weeks after birth'),
(0, 94, 'Rotavirus2', 0, 0, 'No', 'Second Rotavirus vaccine should be given 10 weeks after the first dose was taken'),
(0, 94, 'MMR', 0, 0, 'No', ''),
(0, 94, 'Influenza', 0, 0, 'No', ''),
(0, 94, 'HepA1', 0, 0, 'No', ''),
(0, 94, 'HepA2', 0, 0, 'No', ''),
(0, 94, 'DTaP3', 0, 0, 'No', 'Third DTaP vaccine should be 14 weeks after the second dose was taken'),
(0, 94, 'Rotavirus3', 0, 0, 'No', 'Third  Rotavirus vaccine should be 14 weeks after the second dose was taken'),
(0, 94, 'HiB3', 0, 0, 'No', 'Third HiB vaccine should be 14 weeks after the second dose was taken'),
(0, 94, 'PCV3', 0, 0, 'No', 'Third PCV vaccine should be 14 weeks after the second dose was taken'),
(0, 94, 'MMR2', 0, 0, 'No', ''),
(0, 94, 'Influenza2', 0, 0, 'No', ''),
(0, 95, 'BCG', 1, 2, 'No', 'BCG vaccine should be given shortly after birth'),
(0, 95, 'HepB1', 0, 0, 'No', 'First vaccine Hepatitis B should be given after birth'),
(0, 95, 'HepB2', 0, 0, 'No', 'Second vaccine Hepatitis B should be given 1 month after the first dose was taken'),
(0, 95, 'HepB3', 0, 0, 'No', 'Third vaccine Hepatitis B should be given 6 months after the second dose was taken'),
(0, 95, 'DTaP1', 0, 0, 'No', 'First DTaP vaccine should be given 6 weeks after birth'),
(0, 95, 'DTaP2', 0, 0, 'No', 'Second DTaP vaccine should be given 10 weeks after the first dose was taken'),
(0, 95, 'HiB1', 0, 0, 'No', 'First HiB vaccine should be given 6 weeks after birth'),
(0, 95, 'HiB2', 0, 0, 'No', 'Second HiB vaccine should be given 10 weeks after the first dose was taken'),
(0, 95, 'IPV1', 0, 0, 'No', 'First IPV vaccine should be given 6 weeks after birth'),
(0, 95, 'IPV2', 0, 0, 'No', 'Second IPV vaccine should be given 10 weeks after the first dose was taken'),
(0, 95, 'IPV3', 0, 0, 'No', 'Third IPV vaccine should be 14 weeks after the second dose was taken'),
(0, 95, 'PCV1', 0, 0, 'No', 'First PCV vaccine should be given 6 weeks after birth'),
(0, 95, 'PCV2', 0, 0, 'No', 'Second PCV vaccine should be given 10 weeks after the first dose was taken'),
(0, 95, 'Rotavirus1', 0, 0, 'No', 'First  Rotavirus vaccine should be given 6 weeks after birth'),
(0, 95, 'Rotavirus2', 0, 0, 'No', 'Second Rotavirus vaccine should be given 10 weeks after the first dose was taken'),
(0, 95, 'MMR', 1, 2, 'No', 'First MMR vaccine should be given 9 months after birth'),
(0, 95, 'Influenza', 0, 0, 'No', 'First Influenza vaccine should be given 6 months after birth'),
(0, 95, 'HepA1', 0, 0, 'No', 'First Hepa vaccine should be given 12 months after birth'),
(0, 95, 'HepA2', 0, 0, 'No', 'Second Hepa vaccine should be given 6 weeks after the first dose was taken'),
(0, 95, 'DTaP3', 0, 0, 'No', 'Third DTaP vaccine should be 14 weeks after the second dose was taken'),
(0, 95, 'Rotavirus3', 0, 0, 'No', 'Third  Rotavirus vaccine should be 14 weeks after the second dose was taken'),
(0, 95, 'HiB3', 0, 0, 'No', 'Third HiB vaccine should be 14 weeks after the second dose was taken'),
(0, 95, 'PCV3', 0, 0, 'No', 'Third PCV vaccine should be 14 weeks after the second dose was taken'),
(0, 95, 'MMR2', 0, 0, 'No', 'Second MMR vaccine should be given 2 years after the first dose was taken'),
(0, 95, 'Influenza2', 0, 0, 'No', 'Second Influenza vaccine should be given 4 weeks after the first dose was taken'),
(0, 96, 'BCG', 1, 1, 'No', 'BCG vaccine should be given shortly after birth'),
(0, 96, 'HepB1', 1, 1, 'No', 'First vaccine Hepatitis B should be given after birth'),
(0, 96, 'HepB2', 0, 0, 'No', 'Second vaccine Hepatitis B should be given 1 month after the first dose was taken'),
(0, 96, 'HepB3', 0, 0, 'No', 'Third vaccine Hepatitis B should be given 6 months after the second dose was taken'),
(0, 96, 'DTaP1', 0, 0, 'No', 'First DTaP vaccine should be given 6 weeks after birth'),
(0, 96, 'DTaP2', 0, 0, 'No', 'Second DTaP vaccine should be given 10 weeks after the first dose was taken'),
(0, 96, 'HiB1', 0, 0, 'No', 'First HiB vaccine should be given 6 weeks after birth'),
(0, 96, 'HiB2', 0, 0, 'No', 'Second HiB vaccine should be given 10 weeks after the first dose was taken'),
(0, 96, 'IPV1', 0, 0, 'No', 'First IPV vaccine should be given 6 weeks after birth'),
(0, 96, 'IPV2', 0, 0, 'No', 'Second IPV vaccine should be given 10 weeks after the first dose was taken'),
(0, 96, 'IPV3', 0, 0, 'No', 'Third IPV vaccine should be 14 weeks after the second dose was taken'),
(0, 96, 'PCV1', 0, 0, 'No', 'First PCV vaccine should be given 6 weeks after birth'),
(0, 96, 'PCV2', 0, 0, 'No', 'Second PCV vaccine should be given 10 weeks after the first dose was taken'),
(0, 96, 'Rotavirus1', 0, 0, 'No', 'First  Rotavirus vaccine should be given 6 weeks after birth'),
(0, 96, 'Rotavirus2', 0, 0, 'No', 'Second Rotavirus vaccine should be given 10 weeks after the first dose was taken'),
(0, 96, 'MMR', 0, 0, 'No', 'First MMR vaccine should be given 9 months after birth'),
(0, 96, 'Influenza', 0, 0, 'No', 'First Influenza vaccine should be given 6 months after birth'),
(0, 96, 'HepA1', 0, 0, 'No', 'First Hepa vaccine should be given 12 months after birth'),
(0, 96, 'HepA2', 0, 0, 'No', 'Second Hepa vaccine should be given 6 weeks after the first dose was taken'),
(0, 96, 'DTaP3', 0, 0, 'No', 'Third DTaP vaccine should be 14 weeks after the second dose was taken'),
(0, 96, 'Rotavirus3', 0, 0, 'No', 'Third  Rotavirus vaccine should be 14 weeks after the second dose was taken'),
(0, 96, 'HiB3', 0, 0, 'No', 'Third HiB vaccine should be 14 weeks after the second dose was taken'),
(0, 96, 'PCV3', 0, 0, 'No', 'Third PCV vaccine should be 14 weeks after the second dose was taken'),
(0, 96, 'MMR2', 0, 0, 'No', 'Second MMR vaccine should be given 2 years after the first dose was taken'),
(0, 96, 'Influenza2', 0, 0, 'No', 'Second Influenza vaccine should be given 4 weeks after the first dose was taken'),
(0, 96, 'Influenza2', 0, 0, 'No', 'Second Influenza vaccine should be given 4 weeks after the first dose was taken'),
(0, 97, 'BCG', 1, 2, 'No', 'BCG vaccine should be given shortly after birth'),
(0, 97, 'HepB1', 0, 0, 'No', 'First vaccine Hepatitis B should be given after birth'),
(0, 97, 'HepB2', 0, 0, 'No', 'Second vaccine Hepatitis B should be given 1 month after the first dose was taken'),
(0, 97, 'HepB3', 0, 0, 'No', 'Third vaccine Hepatitis B should be given 6 months after the second dose was taken'),
(0, 97, 'DTaP1', 0, 0, 'No', 'First DTaP vaccine should be given 6 weeks after birth'),
(0, 97, 'DTaP2', 0, 0, 'No', 'Second DTaP vaccine should be given 10 weeks after the first dose was taken'),
(0, 97, 'HiB1', 0, 0, 'No', 'First HiB vaccine should be given 6 weeks after birth'),
(0, 97, 'HiB2', 0, 0, 'No', 'Second HiB vaccine should be given 10 weeks after the first dose was taken'),
(0, 97, 'IPV1', 0, 0, 'No', 'First IPV vaccine should be given 6 weeks after birth'),
(0, 97, 'IPV2', 0, 0, 'No', 'Second IPV vaccine should be given 10 weeks after the first dose was taken'),
(0, 97, 'IPV3', 0, 0, 'No', 'Third IPV vaccine should be 14 weeks after the second dose was taken'),
(0, 97, 'PCV1', 0, 0, 'No', 'First PCV vaccine should be given 6 weeks after birth'),
(0, 97, 'PCV2', 0, 0, 'No', 'Second PCV vaccine should be given 10 weeks after the first dose was taken'),
(0, 97, 'Rotavirus1', 0, 0, 'No', 'First  Rotavirus vaccine should be given 6 weeks after birth'),
(0, 97, 'Rotavirus2', 0, 0, 'No', 'Second Rotavirus vaccine should be given 10 weeks after the first dose was taken'),
(0, 97, 'MMR', 0, 0, 'No', 'First MMR vaccine should be given 9 months after birth'),
(0, 97, 'Influenza', 0, 0, 'No', 'First Influenza vaccine should be given 6 months after birth'),
(0, 97, 'HepA1', 0, 0, 'No', 'First Hepa vaccine should be given 12 months after birth'),
(0, 97, 'HepA2', 0, 0, 'No', 'Second Hepa vaccine should be given 6 weeks after the first dose was taken'),
(0, 97, 'DTaP3', 0, 0, 'No', 'Third DTaP vaccine should be 14 weeks after the second dose was taken'),
(0, 97, 'Rotavirus3', 0, 0, 'No', 'Third  Rotavirus vaccine should be 14 weeks after the second dose was taken'),
(0, 97, 'HiB3', 0, 0, 'No', 'Third HiB vaccine should be 14 weeks after the second dose was taken'),
(0, 97, 'PCV3', 0, 0, 'No', 'Third PCV vaccine should be 14 weeks after the second dose was taken'),
(0, 97, 'MMR2', 0, 0, 'No', 'Second MMR vaccine should be given 2 years after the first dose was taken'),
(0, 97, 'Influenza2', 0, 0, 'No', 'Second Influenza vaccine should be given 4 weeks after the first dose was taken'),
(0, 98, 'BCG', 0, 0, 'No', 'First vaccine Hepatitis B should be given after birth'),
(0, 98, 'HepB1', 0, 0, 'No', 'Second vaccine Hepatitis B should be given 1 month after the first dose was taken'),
(0, 98, 'HepB2', 0, 0, 'No', 'Third vaccine Hepatitis B should be given 6 months after the second dose was taken'),
(0, 98, 'HepB3', 0, 0, 'No', 'First DTaP vaccine should be given 6 weeks after birth'),
(0, 98, 'DTaP1', 0, 0, 'No', 'Second DTaP vaccine should be given 10 weeks after the first dose was taken'),
(0, 98, 'DTaP2', 0, 0, 'No', 'First HiB vaccine should be given 6 weeks after birth'),
(0, 98, 'HiB1', 0, 0, 'No', 'Second HiB vaccine should be given 10 weeks after the first dose was taken'),
(0, 98, 'HiB2', 0, 0, 'No', 'First IPV vaccine should be given 6 weeks after birth'),
(0, 98, 'IPV1', 0, 0, 'No', 'Second IPV vaccine should be given 10 weeks after the first dose was taken'),
(0, 98, 'IPV2', 0, 0, 'No', 'Third IPV vaccine should be 14 weeks after the second dose was taken'),
(0, 98, 'IPV3', 0, 0, 'No', 'First PCV vaccine should be given 6 weeks after birth'),
(0, 98, 'PCV1', 0, 0, 'No', 'Second PCV vaccine should be given 10 weeks after the first dose was taken'),
(0, 98, 'PCV2', 0, 0, 'No', 'First  Rotavirus vaccine should be given 6 weeks after birth'),
(0, 98, 'Rotavirus1', 0, 0, 'No', 'Second Rotavirus vaccine should be given 10 weeks after the first dose was taken'),
(0, 98, 'Rotavirus2', 0, 0, 'No', 'First MMR vaccine should be given 9 months after birth'),
(0, 98, 'MMR', 0, 0, 'No', 'First Influenza vaccine should be given 6 months after birth'),
(0, 98, 'Influenza', 0, 0, 'No', 'First Hepa vaccine should be given 12 months after birth'),
(0, 98, 'HepA1', 0, 0, 'No', 'Second Hepa vaccine should be given 6 weeks after the first dose was taken'),
(0, 98, 'HepA2', 0, 0, 'No', 'Third DTaP vaccine should be 14 weeks after the second dose was taken'),
(0, 98, 'DTaP3', 0, 0, 'No', 'Third  Rotavirus vaccine should be 14 weeks after the second dose was taken'),
(0, 98, 'Rotavirus3', 0, 0, 'No', 'Third HiB vaccine should be 14 weeks after the second dose was taken'),
(0, 98, 'HiB3', 0, 0, 'No', 'Third PCV vaccine should be 14 weeks after the second dose was taken'),
(0, 98, 'PCV3', 0, 0, 'No', 'Second MMR vaccine should be given 2 years after the first dose was taken'),
(0, 98, 'MMR2', 0, 0, 'No', 'Second Influenza vaccine should be given 4 weeks after the first dose was taken'),
(0, 98, 'Influenza2', 0, 0, 'No', ''),
(0, 98, 'Influenza2', 0, 0, 'No', ''),
(0, 99, 'BCG', 0, 0, 'No', 'First vaccine Hepatitis B should be given after birth'),
(0, 99, 'HepB1', 0, 0, 'No', 'Second vaccine Hepatitis B should be given 1 month after the first dose was taken'),
(0, 99, 'HepB2', 0, 0, 'No', 'Third vaccine Hepatitis B should be given 6 months after the second dose was taken'),
(0, 99, 'HepB3', 0, 0, 'No', 'First DTaP vaccine should be given 6 weeks after birth'),
(0, 99, 'DTaP1', 0, 0, 'No', 'Second DTaP vaccine should be given 10 weeks after the first dose was taken'),
(0, 99, 'DTaP2', 0, 0, 'No', 'First HiB vaccine should be given 6 weeks after birth'),
(0, 99, 'HiB1', 0, 0, 'No', 'Second HiB vaccine should be given 10 weeks after the first dose was taken'),
(0, 99, 'HiB2', 0, 0, 'No', 'First IPV vaccine should be given 6 weeks after birth'),
(0, 99, 'IPV1', 0, 0, 'No', 'Second IPV vaccine should be given 10 weeks after the first dose was taken'),
(0, 99, 'IPV2', 0, 0, 'No', 'Third IPV vaccine should be 14 weeks after the second dose was taken'),
(0, 99, 'IPV3', 0, 0, 'No', 'First PCV vaccine should be given 6 weeks after birth'),
(0, 99, 'PCV1', 0, 0, 'No', 'Second PCV vaccine should be given 10 weeks after the first dose was taken'),
(0, 99, 'PCV2', 0, 0, 'No', 'First  Rotavirus vaccine should be given 6 weeks after birth'),
(0, 99, 'Rotavirus1', 0, 0, 'No', 'Second Rotavirus vaccine should be given 10 weeks after the first dose was taken'),
(0, 99, 'Rotavirus2', 0, 0, 'No', 'First MMR vaccine should be given 9 months after birth'),
(0, 99, 'MMR', 0, 0, 'No', 'First Influenza vaccine should be given 6 months after birth'),
(0, 99, 'Influenza', 0, 0, 'No', 'First Hepa vaccine should be given 12 months after birth'),
(0, 99, 'HepA1', 0, 0, 'No', 'Second Hepa vaccine should be given 6 weeks after the first dose was taken'),
(0, 99, 'HepA2', 0, 0, 'No', 'Third DTaP vaccine should be 14 weeks after the second dose was taken'),
(0, 99, 'DTaP3', 0, 0, 'No', 'Third  Rotavirus vaccine should be 14 weeks after the second dose was taken'),
(0, 99, 'Rotavirus3', 0, 0, 'No', 'Third HiB vaccine should be 14 weeks after the second dose was taken'),
(0, 99, 'HiB3', 0, 0, 'No', 'Third PCV vaccine should be 14 weeks after the second dose was taken'),
(0, 99, 'PCV3', 0, 0, 'No', 'Second MMR vaccine should be given 2 years after the first dose was taken'),
(0, 99, 'MMR2', 0, 0, 'No', 'Second Influenza vaccine should be given 4 weeks after the first dose was taken'),
(0, 99, 'Influenza2', 0, 0, 'No', ''),
(0, 99, 'Influenza2', 0, 0, 'No', ''),
(0, 101, 'BCG', 0, 0, 'No', 'BCG vaccine should be given shortly after birth'),
(0, 101, 'HepB1', 0, 0, 'No', 'First vaccine Hepatitis B should be given after birth'),
(0, 101, 'HepB2', 0, 0, 'No', 'Second vaccine Hepatitis B should be given 1 month after the first dose was taken'),
(0, 101, 'HepB3', 0, 0, 'No', 'Third vaccine Hepatitis B should be given 6 months after the second dose was taken'),
(0, 101, 'DTaP1', 0, 0, 'No', 'First DTaP vaccine should be given 6 weeks after birth'),
(0, 101, 'DTaP2', 0, 0, 'No', 'Second DTaP vaccine should be given 10 weeks after the first dose was taken'),
(0, 101, 'HiB1', 0, 0, 'No', 'First HiB vaccine should be given 6 weeks after birth'),
(0, 101, 'HiB2', 0, 0, 'No', 'Second HiB vaccine should be given 10 weeks after the first dose was taken'),
(0, 101, 'IPV1', 0, 0, 'No', 'First IPV vaccine should be given 6 weeks after birth'),
(0, 101, 'IPV2', 0, 0, 'No', 'Second IPV vaccine should be given 10 weeks after the first dose was taken'),
(0, 101, 'IPV3', 0, 0, 'No', 'Third IPV vaccine should be 14 weeks after the second dose was taken'),
(0, 101, 'PCV1', 0, 0, 'No', 'First PCV vaccine should be given 6 weeks after birth'),
(0, 101, 'PCV2', 0, 0, 'No', 'Second PCV vaccine should be given 10 weeks after the first dose was taken'),
(0, 101, 'Rotavirus1', 0, 0, 'No', 'First  Rotavirus vaccine should be given 6 weeks after birth'),
(0, 101, 'Rotavirus2', 0, 0, 'No', 'Second Rotavirus vaccine should be given 10 weeks after the first dose was taken'),
(0, 101, 'MMR', 0, 0, 'No', 'First MMR vaccine should be given 9 months after birth'),
(0, 101, 'Influenza', 0, 0, 'No', 'First Influenza vaccine should be given 6 months after birth'),
(0, 101, 'HepA1', 0, 0, 'No', 'First Hepa vaccine should be given 12 months after birth'),
(0, 101, 'HepA2', 0, 0, 'No', 'Second Hepa vaccine should be given 6 weeks after the first dose was taken'),
(0, 101, 'DTaP3', 0, 0, 'No', 'Third DTaP vaccine should be 14 weeks after the second dose was taken'),
(0, 101, 'Rotavirus3', 0, 0, 'No', 'Third  Rotavirus vaccine should be 14 weeks after the second dose was taken'),
(0, 101, 'HiB3', 0, 0, 'No', 'Third HiB vaccine should be 14 weeks after the second dose was taken'),
(0, 101, 'PCV3', 0, 0, 'No', 'Third PCV vaccine should be 14 weeks after the second dose was taken'),
(0, 101, 'MMR2', 0, 0, 'No', 'Second MMR vaccine should be given 2 years after the first dose was taken'),
(0, 101, 'Influenza2', 0, 0, 'No', 'Second Influenza vaccine should be given 4 weeks after the first dose was taken'),
(0, 101, 'Influenza2', 0, 0, 'No', 'Second Influenza vaccine should be given 4 weeks after the first dose was taken'),
(0, 102, 'BCG', 1, 2, 'No', 'BCG vaccine should be given shortly after birth'),
(0, 102, 'HepB1', 0, 0, 'No', 'First vaccine Hepatitis B should be given after birth'),
(0, 102, 'HepB2', 0, 0, 'No', 'Second vaccine Hepatitis B should be given 1 month after the first dose was taken'),
(0, 102, 'HepB3', 0, 0, 'No', 'Third vaccine Hepatitis B should be given 6 months after the second dose was taken'),
(0, 102, 'DTaP1', 0, 0, 'No', 'First DTaP vaccine should be given 6 weeks after birth'),
(0, 102, 'DTaP2', 0, 0, 'No', 'Second DTaP vaccine should be given 10 weeks after the first dose was taken'),
(0, 102, 'HiB1', 0, 0, 'No', 'First HiB vaccine should be given 6 weeks after birth'),
(0, 102, 'HiB2', 0, 0, 'No', 'Second HiB vaccine should be given 10 weeks after the first dose was taken'),
(0, 102, 'IPV1', 0, 0, 'No', 'First IPV vaccine should be given 6 weeks after birth'),
(0, 102, 'IPV2', 0, 0, 'No', 'Second IPV vaccine should be given 10 weeks after the first dose was taken'),
(0, 102, 'IPV3', 0, 0, 'No', 'Third IPV vaccine should be 14 weeks after the second dose was taken'),
(0, 102, 'PCV1', 0, 0, 'No', 'First PCV vaccine should be given 6 weeks after birth'),
(0, 102, 'PCV2', 0, 0, 'No', 'Second PCV vaccine should be given 10 weeks after the first dose was taken'),
(0, 102, 'Rotavirus1', 0, 0, 'No', 'First  Rotavirus vaccine should be given 6 weeks after birth'),
(0, 102, 'Rotavirus2', 0, 0, 'No', 'Second Rotavirus vaccine should be given 10 weeks after the first dose was taken'),
(0, 102, 'MMR', 0, 0, 'No', 'First MMR vaccine should be given 9 months after birth'),
(0, 102, 'Influenza', 0, 0, 'No', 'First Influenza vaccine should be given 6 months after birth'),
(0, 102, 'HepA1', 0, 0, 'No', 'First Hepa vaccine should be given 12 months after birth'),
(0, 102, 'HepA2', 0, 0, 'No', 'Second Hepa vaccine should be given 6 weeks after the first dose was taken'),
(0, 102, 'DTaP3', 0, 0, 'No', 'Third DTaP vaccine should be 14 weeks after the second dose was taken'),
(0, 102, 'Rotavirus3', 0, 0, 'No', 'Third  Rotavirus vaccine should be 14 weeks after the second dose was taken'),
(0, 102, 'HiB3', 0, 0, 'No', 'Third HiB vaccine should be 14 weeks after the second dose was taken'),
(0, 102, 'PCV3', 0, 0, 'No', 'Third PCV vaccine should be 14 weeks after the second dose was taken'),
(0, 102, 'MMR2', 0, 0, 'No', 'Second MMR vaccine should be given 2 years after the first dose was taken'),
(0, 102, 'Influenza2', 0, 0, 'No', 'Second Influenza vaccine should be given 4 weeks after the first dose was taken'),
(0, 103, 'BCG', 0, 0, 'No', 'BCG vaccine should be given shortly after birth'),
(0, 103, 'HepB1', 0, 0, 'No', 'First vaccine Hepatitis B should be given after birth'),
(0, 103, 'HepB2', 0, 0, 'No', 'Second vaccine Hepatitis B should be given 1 month after the first dose was taken'),
(0, 103, 'HepB3', 0, 0, 'No', 'Third vaccine Hepatitis B should be given 6 months after the second dose was taken'),
(0, 103, 'DTaP1', 0, 0, 'No', 'First DTaP vaccine should be given 6 weeks after birth'),
(0, 103, 'DTaP2', 0, 0, 'No', 'Second DTaP vaccine should be given 10 weeks after the first dose was taken'),
(0, 103, 'HiB1', 0, 0, 'No', 'First HiB vaccine should be given 6 weeks after birth'),
(0, 103, 'HiB2', 0, 0, 'No', 'Second HiB vaccine should be given 10 weeks after the first dose was taken'),
(0, 103, 'IPV1', 0, 0, 'No', 'First IPV vaccine should be given 6 weeks after birth'),
(0, 103, 'IPV2', 0, 0, 'No', 'Second IPV vaccine should be given 10 weeks after the first dose was taken'),
(0, 103, 'IPV3', 0, 0, 'No', 'Third IPV vaccine should be 14 weeks after the second dose was taken'),
(0, 103, 'PCV1', 0, 0, 'No', 'First PCV vaccine should be given 6 weeks after birth'),
(0, 103, 'PCV2', 0, 0, 'No', 'Second PCV vaccine should be given 10 weeks after the first dose was taken'),
(0, 103, 'Rotavirus1', 0, 0, 'No', 'First  Rotavirus vaccine should be given 6 weeks after birth'),
(0, 103, 'Rotavirus2', 0, 0, 'No', 'Second Rotavirus vaccine should be given 10 weeks after the first dose was taken'),
(0, 103, 'MMR', 0, 0, 'No', 'First MMR vaccine should be given 9 months after birth'),
(0, 103, 'Influenza', 0, 0, 'No', 'First Influenza vaccine should be given 6 months after birth'),
(0, 103, 'HepA1', 0, 0, 'No', 'First Hepa vaccine should be given 12 months after birth'),
(0, 103, 'HepA2', 0, 0, 'No', 'Second Hepa vaccine should be given 6 weeks after the first dose was taken'),
(0, 103, 'DTaP3', 0, 0, 'No', 'Third DTaP vaccine should be 14 weeks after the second dose was taken'),
(0, 103, 'Rotavirus3', 0, 0, 'No', 'Third  Rotavirus vaccine should be 14 weeks after the second dose was taken'),
(0, 103, 'HiB3', 0, 0, 'No', 'Third HiB vaccine should be 14 weeks after the second dose was taken'),
(0, 103, 'PCV3', 0, 0, 'No', 'Third PCV vaccine should be 14 weeks after the second dose was taken'),
(0, 103, 'MMR2', 0, 0, 'No', 'Second MMR vaccine should be given 2 years after the first dose was taken'),
(0, 103, 'Influenza2', 0, 0, 'No', 'Second Influenza vaccine should be given 4 weeks after the first dose was taken'),
(0, 103, 'Influenza2', 0, 0, 'No', 'Second Influenza vaccine should be given 4 weeks after the first dose was taken');

-- --------------------------------------------------------

--
-- Table structure for table `usertable`
--

CREATE TABLE `usertable` (
  `userid` int(11) NOT NULL,
  `firstname` varchar(60) NOT NULL,
  `lastname` varchar(60) NOT NULL,
  `user_email` varchar(60) NOT NULL,
  `username` varchar(60) NOT NULL,
  `phonenumber` varchar(60) NOT NULL,
  `token_verified` varchar(100) NOT NULL,
  `status_verified` tinyint(2) NOT NULL DEFAULT '0' COMMENT '0- not verified 1-verified',
  `password` varchar(60) NOT NULL,
  `image` longblob NOT NULL,
  `usertype` varchar(6) NOT NULL,
  `datecreated` timestamp NOT NULL DEFAULT CURRENT_TIMESTAMP,
  `is_notified` int(11) DEFAULT '0' COMMENT '0 - not notified\r\n1 - notified',
  `code` mediumint(50) NOT NULL,
  `status` text NOT NULL
) ENGINE=InnoDB DEFAULT CHARSET=utf8mb4;

--
-- Dumping data for table `usertable`
--

INSERT INTO `usertable` (`userid`, `firstname`, `lastname`, `user_email`, `username`, `phonenumber`, `token_verified`, `status_verified`, `password`, `image`, `usertype`, `datecreated`, `is_notified`, `code`, `status`) VALUES
(31, 'HAROLD ANGELO', 'TALAGTAG', 'hatalagtag@gmail.com', 'Harold Angelo', '09984143408', '9550cd7d09b0dde7d17b931ea88c14f8', 1, 'e10adc3949ba59abbe56e057f20f883e', 0x6c616e642e706e67, 'admin', '2023-09-25 07:00:00', 0, 0, ''),
(32, 'test', 'test', 'parenttest@gmail.com', 'parent test user', '23323232', '47524683e34a537fe0a43134065fe286', 1, '5f4dcc3b5aa765d61d8327deb882cf99', 0x6b6579732e706e67, 'parent', '2023-10-07 07:00:00', 0, 0, ''),
(33, 'test1', 'test1', 'test1yahoo.com', 'test1', 'test1', '9d48aafa2b3216dae74ba9b9acd502aa', 1, '5a105e8b9d40e1329780d62ea2265d8a', 0x6b6579732e706e67, 'admin', '2023-10-07 07:00:00', 0, 0, ''),
(34, 'test12', 'test12', 'hehesanchez1829@gmail.com', 'test12', 'test12', '66afed62691a28135e2f0cfb8d18cd91', 1, '60474c9c10d7142b7508ce7a50acf414', 0x6b6579732e706e67, 'parent', '2023-10-07 07:00:00', 0, 0, ''),
(35, 'John', 'Wilson', 'jw@gmail.com', 'jwbush', '09987414131', '47234f4683e34a537fe0a43134065fe286', 1, 'e10adc3949ba59abbe56e057f20f883e', 0x61646d696e2e706e67, 'parent', '2023-10-13 07:00:00', 0, 0, ''),
(36, 'Gelo', 'Samano', 'haroldtalagtag123@gmail.com', 'jejeharold', '09984143408', '2ac8c444243c19e7d6632791bdb91729', 1, '827ccb0eea8a706c4c34a16891f84e7b', 0x47726f75702033332e706e67, 'parent', '2023-10-14 07:00:00', 0, 0, ''),
(37, 'VAC', 'CUNA', 'vaccuna0@gmail.com', 'vaccune', '09984143477', 'c933711de8c70c2480381b37794ae417', 1, '827ccb0eea8a706c4c34a16891f84e7b', 0x53637265656e73686f7420323032332d31302d3330203133343230372e706e67, 'parent', '2023-11-03 07:00:00', 0, 0, ''),
(38, 'adsad', 'asdad', 'angelostalagtag@gmail.com', 'dsadas', '1232313123', 'c2b264b22eba6fc3558d55ade035684a', 1, '827ccb0eea8a706c4c34a16891f84e7b', '', 'parent', '2023-11-06 08:00:00', 0, 0, '');

-- --------------------------------------------------------

--
-- Table structure for table `vaccineinventory`
--

CREATE TABLE `vaccineinventory` (
  `vacid` int(11) NOT NULL,
  `vac_name` varchar(11) NOT NULL,
  `vac_desc` varchar(40) NOT NULL,
  `stocks` int(11) NOT NULL,
  `administered` int(11) NOT NULL,
  `req_dose` int(11) NOT NULL,
  `lower_limit` varchar(11) NOT NULL,
  `upper_limit` varchar(11) NOT NULL,
  `exp_date` date NOT NULL,
  `active` int(11) DEFAULT '1'
) ENGINE=InnoDB DEFAULT CHARSET=utf8mb4;

--
-- Dumping data for table `vaccineinventory`
--

INSERT INTO `vaccineinventory` (`vacid`, `vac_name`, `vac_desc`, `stocks`, `administered`, `req_dose`, `lower_limit`, `upper_limit`, `exp_date`, `active`) VALUES
(1, 'BCG', 'P Tubercolosis', 188, 0, 1, '0 weeks', '8 weeks', '0000-00-00', 1),
(2, 'HepB1', 'P Hepatitis B', 189, 0, 1, '0 weeks', '4 weeks', '0000-00-00', 0),
(3, 'HepB2', 'P Hepatitis B', 195, 0, 1, '8 weeks', '12 weeks', '0000-00-00', 1),
(4, 'HepB3', 'P Hepatitis B', 200, 0, 1, '24 weeks', '32 weeks', '0000-00-00', 1),
(5, 'DTaP1', 'Diphtheria,Tetanus, Pertussis', 192, 0, 1, '6 weeks', '10 weeks', '0000-00-00', 0),
(6, 'DTaP2', 'Diphtheria,Tetanus, Pertussis', 200, 0, 1, '10 weeks ', '14 weeks', '0000-00-00', 0),
(7, 'HiB1', 'P Haemophilus Influenza', 194, 1, 1, '6 weeks', '10 weeks', '0000-00-00', 1),
(8, 'HiB2', 'P Haemophilus Influenza', 200, 0, 1, '10 weeks', '16 weeks', '0000-00-00', 1),
(9, 'IPV1', 'P Polio', 196, 1, 1, '6 weeks', '12 weeks', '0000-00-00', 1),
(10, 'IPV2', 'P Polio', 200, 0, 1, '12 weeks', '24 weeks', '0000-00-00', 1),
(11, 'IPV3', 'P Polio', 200, 0, 1, '24 weeks', '36 weeks', '0000-00-00', 1),
(12, 'PCV1', 'P Pneumonia, Meningitis', 190, 0, 1, '6 weeks', '12 weeks', '0000-00-00', 0),
(13, 'PCV2', 'P Pneumonia, Meningitis', 200, 0, 1, '16 weeks', '24 weeks', '0000-00-00', 1),
(14, 'Rotavirus1', 'P Diarrhea', 189, 1, 1, '6 weeks', '12 weeks', '0000-00-00', 1),
(15, 'Rotavirus2', 'P Diarrhea', 200, 0, 1, '12 weeks', '24 weeks', '0000-00-00', 1),
(16, 'MMR', 'P Measles, Mumps, Rubella', 186, 0, 1, '12 weeks', '20 weeks', '0000-00-00', 1),
(17, 'Influenza', 'P Seasonal Flu', 199, 0, 1, '24 weeks ', '32 weeks', '0000-00-00', 1),
(18, 'HepA1', 'P Hepatitis A', 199, 0, 1, '24 weeks ', '32 weeks', '0000-00-00', 1),
(19, 'HepA2', 'P Hepatitis A', 200, 0, 1, '32 weeks', '48 weeks', '0000-00-00', 1),
(20, 'DTaP3', 'P Hepatitis B', 200, 0, 1, '24 weeks', '32 weeks', '0000-00-00', 1),
(21, 'Rotavirus3', 'P Diarrhea', 1000, 0, 1, '24 weeks', '32 weeks', '0000-00-00', 1),
(22, 'HiB3', 'P Haemophilus Influenza', 200, 0, 1, '24 weeks', '32 weeks', '0000-00-00', 1),
(23, 'PCV3', 'P Pneumonia, Meningitis', 200, 0, 1, '24 weeks', '32 weeks', '0000-00-00', 1),
(24, 'MMR2', 'P Measles, Mumps, Rubella', 186, 0, 1, '24 weeks', '32 weeks', '0000-00-00', 1),
(25, 'Influenza2', 'P Seasonal Flu', 199, 0, 1, '36 weeks', '48 weeks', '0000-00-00', 1);

-- --------------------------------------------------------

--
-- Table structure for table `vac_bcg_table`
--

CREATE TABLE `vac_bcg_table` (
  `bcg_id` int(11) NOT NULL,
  `cid` int(11) NOT NULL,
  `dose1` tinyint(1) NOT NULL,
  `dose1_date` date NOT NULL,
  `dose1_administrator` varchar(60) NOT NULL,
  `dose2` tinytext,
  `dose2_date` date DEFAULT NULL,
  `dose2_administrator` varchar(60) DEFAULT NULL,
  `dose3` tinyint(4) DEFAULT NULL,
  `dose3_date` date DEFAULT NULL,
  `dose3_administrator` varchar(60) DEFAULT NULL
) ENGINE=InnoDB DEFAULT CHARSET=utf8mb4;

--
-- Dumping data for table `vac_bcg_table`
--

INSERT INTO `vac_bcg_table` (`bcg_id`, `cid`, `dose1`, `dose1_date`, `dose1_administrator`, `dose2`, `dose2_date`, `dose2_administrator`, `dose3`, `dose3_date`, `dose3_administrator`) VALUES
(0, 14, 1, '2023-11-23', 'JABAR', NULL, NULL, NULL, NULL, NULL, NULL),
(2, 2, 1, '2023-10-18', 'test1 test1', NULL, NULL, NULL, NULL, NULL, NULL),
(4, 16, 1, '2023-09-27', '', NULL, NULL, NULL, NULL, NULL, NULL),
(5, 18, 1, '2023-10-30', 'test12 test12', NULL, NULL, NULL, NULL, NULL, NULL),
(6, 20, 1, '2023-08-29', 'HAROLD ANGELO TALAGTAG', NULL, NULL, NULL, NULL, NULL, NULL),
(7, 21, 0, '0000-00-00', '', NULL, NULL, NULL, NULL, NULL, NULL),
(8, 22, 1, '2023-10-29', '', NULL, NULL, NULL, NULL, NULL, NULL),
(9, 23, 1, '2023-10-25', '', NULL, NULL, NULL, NULL, NULL, NULL),
(10, 23, 1, '2023-10-25', '', NULL, NULL, NULL, NULL, NULL, NULL),
(11, 23, 1, '2023-10-25', '', NULL, NULL, NULL, NULL, NULL, NULL),
(12, 26, 1, '2023-11-04', '', NULL, NULL, NULL, NULL, NULL, NULL),
(13, 27, 0, '0000-00-00', '', NULL, NULL, NULL, NULL, NULL, NULL),
(14, 28, 0, '0000-00-00', '', NULL, NULL, NULL, NULL, NULL, NULL),
(15, 29, 1, '2023-11-05', '', NULL, NULL, NULL, NULL, NULL, NULL),
(16, 30, 0, '0000-00-00', '', NULL, NULL, NULL, NULL, NULL, NULL),
(17, 31, 1, '2023-11-03', '', NULL, NULL, NULL, NULL, NULL, NULL),
(18, 32, 1, '2023-11-16', 'HAROLD ANGELO TALAGTAG', NULL, NULL, NULL, NULL, NULL, NULL),
(19, 38, 1, '2023-10-23', '', NULL, NULL, NULL, NULL, NULL, NULL),
(20, 39, 1, '2023-09-01', '', NULL, NULL, NULL, NULL, NULL, NULL),
(21, 40, 1, '2023-09-08', '', NULL, NULL, NULL, NULL, NULL, NULL),
(22, 41, 1, '2023-11-02', '', NULL, NULL, NULL, NULL, NULL, NULL),
(23, 41, 1, '2023-11-02', '', NULL, NULL, NULL, NULL, NULL, NULL),
(24, 41, 1, '2023-11-02', '', NULL, NULL, NULL, NULL, NULL, NULL),
(25, 41, 1, '2023-11-02', '', NULL, NULL, NULL, NULL, NULL, NULL),
(26, 47, 1, '2023-11-04', '', NULL, NULL, NULL, NULL, NULL, NULL),
(27, 37, 1, '2023-11-05', 'HAROLD ANGELO TALAGTAG', NULL, NULL, NULL, NULL, NULL, NULL),
(28, 48, 1, '2023-10-08', '', NULL, NULL, NULL, NULL, NULL, NULL),
(29, 49, 1, '2023-10-27', '', NULL, NULL, NULL, NULL, NULL, NULL),
(30, 50, 1, '2023-11-01', '', NULL, NULL, NULL, NULL, NULL, NULL),
(31, 51, 1, '2023-11-07', '', NULL, NULL, NULL, NULL, NULL, NULL),
(32, 52, 1, '2023-11-01', '', NULL, NULL, NULL, NULL, NULL, NULL),
(33, 53, 1, '2023-11-02', '', NULL, NULL, NULL, NULL, NULL, NULL),
(34, 54, 1, '2023-11-02', '', NULL, NULL, NULL, NULL, NULL, NULL),
(35, 55, 1, '2023-11-07', '', NULL, NULL, NULL, NULL, NULL, NULL),
(36, 57, 1, '2023-10-12', '', NULL, NULL, NULL, NULL, NULL, NULL),
(37, 59, 1, '2023-11-12', '', NULL, NULL, NULL, NULL, NULL, NULL),
(38, 70, 1, '2023-11-07', '', NULL, NULL, NULL, NULL, NULL, NULL),
(39, 27, 1, '2023-11-11', '', NULL, NULL, NULL, NULL, NULL, NULL),
(40, 76, 1, '2023-11-12', '', NULL, NULL, NULL, NULL, NULL, NULL),
(41, 78, 1, '2023-11-01', '', NULL, NULL, NULL, NULL, NULL, NULL),
(42, 79, 1, '2023-11-11', '', NULL, NULL, NULL, NULL, NULL, NULL),
(43, 79, 1, '2023-11-11', '', NULL, NULL, NULL, NULL, NULL, NULL),
(44, 81, 1, '2023-11-06', '', NULL, NULL, NULL, NULL, NULL, NULL),
(45, 82, 1, '2023-11-11', '', NULL, NULL, NULL, NULL, NULL, NULL),
(46, 83, 1, '2023-11-11', '', NULL, NULL, NULL, NULL, NULL, NULL),
(47, 86, 1, '2023-11-12', '', NULL, NULL, NULL, NULL, NULL, NULL);

-- --------------------------------------------------------

--
-- Table structure for table `vac_dtop_table`
--

CREATE TABLE `vac_dtop_table` (
  `dtop_id` int(11) NOT NULL,
  `cid` int(11) NOT NULL,
  `dose1` tinyint(1) NOT NULL,
  `dose1_date` date NOT NULL,
  `dose1_administrator` varchar(60) NOT NULL,
  `dose2` tinytext,
  `dose2_date` date DEFAULT NULL,
  `dose2_administrator` varchar(60) DEFAULT NULL,
  `dose3` tinyint(4) DEFAULT NULL,
  `dose3_date` date DEFAULT NULL,
  `dose3_administrator` varchar(60) DEFAULT NULL
) ENGINE=InnoDB DEFAULT CHARSET=utf8mb4;

--
-- Dumping data for table `vac_dtop_table`
--

INSERT INTO `vac_dtop_table` (`dtop_id`, `cid`, `dose1`, `dose1_date`, `dose1_administrator`, `dose2`, `dose2_date`, `dose2_administrator`, `dose3`, `dose3_date`, `dose3_administrator`) VALUES
(1, 20, 1, '2023-10-31', 'HAROLD ANGELO TALAGTAG', NULL, NULL, NULL, NULL, NULL, NULL),
(2, 24, 1, '2023-10-29', 'HAROLD ANGELO TALAGTAG', NULL, NULL, NULL, NULL, NULL, NULL),
(3, 27, 0, '0000-00-00', '', '0', NULL, NULL, 0, NULL, NULL),
(4, 28, 0, '0000-00-00', '', '', NULL, NULL, 0, NULL, NULL),
(5, 29, 0, '0000-00-00', '', '0', NULL, NULL, 0, NULL, NULL),
(6, 30, 0, '0000-00-00', '', '0', NULL, NULL, 0, NULL, NULL),
(7, 31, 0, '0000-00-00', '', '0', NULL, NULL, 0, NULL, NULL),
(8, 32, 0, '0000-00-00', '', '0', NULL, NULL, 0, NULL, NULL),
(9, 33, 0, '0000-00-00', '', '0', NULL, NULL, 0, NULL, NULL),
(10, 34, 0, '0000-00-00', '', '', NULL, NULL, 0, NULL, NULL),
(11, 34, 0, '0000-00-00', '', '', NULL, NULL, 0, NULL, NULL),
(12, 34, 0, '0000-00-00', '', '', NULL, NULL, 0, NULL, NULL),
(13, 37, 1, '2023-11-16', 'HAROLD ANGELO TALAGTAG', '0', NULL, NULL, 0, NULL, NULL),
(14, 38, 0, '0000-00-00', '', '0', NULL, NULL, 0, NULL, NULL),
(15, 39, 1, '2023-11-16', 'HAROLD ANGELO TALAGTAG', '0', NULL, NULL, 0, NULL, NULL),
(16, 40, 1, '2023-11-08', 'HAROLD ANGELO TALAGTAG', '0', NULL, NULL, 0, NULL, NULL),
(17, 41, 0, '0000-00-00', '', '0', NULL, NULL, 0, NULL, NULL),
(18, 41, 0, '0000-00-00', '', '0', NULL, NULL, 0, NULL, NULL),
(19, 41, 0, '0000-00-00', '', '0', NULL, NULL, 0, NULL, NULL),
(20, 41, 0, '0000-00-00', '', '0', NULL, NULL, 0, NULL, NULL),
(21, 47, 0, '0000-00-00', '', '0', NULL, NULL, 0, NULL, NULL),
(22, 48, 0, '0000-00-00', '', '0', NULL, NULL, 0, NULL, NULL),
(23, 49, 0, '0000-00-00', '', '0', NULL, NULL, 0, NULL, NULL),
(24, 50, 0, '0000-00-00', '', '0', NULL, NULL, 0, NULL, NULL),
(25, 51, 0, '0000-00-00', '', '0', NULL, NULL, 0, NULL, NULL),
(26, 52, 0, '0000-00-00', '', '0', NULL, NULL, 0, NULL, NULL),
(27, 53, 0, '0000-00-00', '', '0', NULL, NULL, 0, NULL, NULL),
(28, 54, 0, '0000-00-00', '', '0', NULL, NULL, 0, NULL, NULL),
(29, 55, 0, '0000-00-00', '', '0', NULL, NULL, 0, NULL, NULL),
(30, 56, 0, '0000-00-00', '', '0', NULL, NULL, 0, NULL, NULL),
(31, 57, 1, '2023-10-30', '', '0', NULL, NULL, 0, NULL, NULL),
(32, 58, 0, '0000-00-00', '', '0', NULL, NULL, 0, NULL, NULL),
(33, 59, 0, '0000-00-00', '', '0', NULL, NULL, 0, NULL, NULL),
(34, 60, 0, '0000-00-00', '', '0', NULL, NULL, 0, NULL, NULL),
(35, 61, 0, '0000-00-00', '', '0', NULL, NULL, 0, NULL, NULL),
(36, 62, 0, '0000-00-00', '', '0', NULL, NULL, 0, NULL, NULL),
(37, 63, 0, '0000-00-00', '', '0', NULL, NULL, 0, NULL, NULL),
(38, 64, 0, '0000-00-00', '', '0', NULL, NULL, 0, NULL, NULL),
(39, 65, 0, '0000-00-00', '', '0', NULL, NULL, 0, NULL, NULL),
(40, 65, 0, '0000-00-00', '', '0', NULL, NULL, 0, NULL, NULL),
(41, 67, 0, '0000-00-00', '', '0', NULL, NULL, 0, NULL, NULL),
(42, 67, 0, '0000-00-00', '', '0', NULL, NULL, 0, NULL, NULL),
(43, 69, 0, '0000-00-00', '', '0', NULL, NULL, 0, NULL, NULL),
(44, 70, 0, '0000-00-00', '', '0', NULL, NULL, 0, NULL, NULL),
(45, 71, 0, '0000-00-00', '', '0', NULL, NULL, 0, NULL, NULL),
(46, 72, 0, '0000-00-00', '', '0', NULL, NULL, 0, NULL, NULL),
(47, 27, 0, '0000-00-00', '', '0', NULL, NULL, 0, NULL, NULL),
(48, 74, 0, '0000-00-00', '', '0', NULL, NULL, 0, NULL, NULL),
(49, 74, 0, '0000-00-00', '', '0', NULL, NULL, 0, NULL, NULL),
(50, 76, 0, '0000-00-00', '', '0', NULL, NULL, 0, NULL, NULL),
(51, 77, 0, '0000-00-00', '', '0', NULL, NULL, 0, NULL, NULL),
(52, 78, 0, '0000-00-00', '', NULL, NULL, NULL, NULL, NULL, NULL),
(53, 78, 0, '0000-00-00', '', '0', NULL, NULL, NULL, NULL, NULL),
(54, 78, 0, '0000-00-00', '', NULL, NULL, NULL, 0, NULL, NULL),
(55, 79, 0, '0000-00-00', '', NULL, NULL, NULL, NULL, NULL, NULL),
(56, 79, 0, '0000-00-00', '', '0', NULL, NULL, NULL, NULL, NULL),
(57, 79, 0, '0000-00-00', '', NULL, NULL, NULL, 0, NULL, NULL),
(58, 79, 0, '0000-00-00', '', NULL, NULL, NULL, NULL, NULL, NULL),
(59, 79, 0, '0000-00-00', '', '0', NULL, NULL, NULL, NULL, NULL),
(60, 79, 0, '0000-00-00', '', NULL, NULL, NULL, 0, NULL, NULL),
(61, 81, 0, '0000-00-00', '', NULL, NULL, NULL, NULL, NULL, NULL),
(62, 81, 0, '0000-00-00', '', '0', NULL, NULL, NULL, NULL, NULL),
(63, 81, 0, '0000-00-00', '', NULL, NULL, NULL, 0, NULL, NULL),
(64, 82, 0, '0000-00-00', '', NULL, NULL, NULL, NULL, NULL, NULL),
(65, 82, 0, '0000-00-00', '', '0', NULL, NULL, NULL, NULL, NULL),
(66, 82, 0, '0000-00-00', '', NULL, NULL, NULL, 0, NULL, NULL),
(67, 83, 0, '0000-00-00', '', NULL, NULL, NULL, NULL, NULL, NULL),
(68, 83, 0, '0000-00-00', '', '0', NULL, NULL, NULL, NULL, NULL),
(69, 83, 0, '0000-00-00', '', NULL, NULL, NULL, 0, NULL, NULL),
(70, 84, 0, '0000-00-00', '', NULL, NULL, NULL, NULL, NULL, NULL),
(71, 84, 0, '0000-00-00', '', '0', NULL, NULL, NULL, NULL, NULL),
(72, 84, 0, '0000-00-00', '', NULL, NULL, NULL, 0, NULL, NULL),
(73, 85, 0, '0000-00-00', '', NULL, NULL, NULL, NULL, NULL, NULL),
(74, 85, 0, '0000-00-00', '', '', NULL, NULL, NULL, NULL, NULL),
(75, 85, 0, '0000-00-00', '', NULL, NULL, NULL, 0, NULL, NULL),
(76, 86, 0, '0000-00-00', '', NULL, NULL, NULL, NULL, NULL, NULL),
(77, 86, 0, '0000-00-00', '', '0', NULL, NULL, NULL, NULL, NULL),
(78, 86, 0, '0000-00-00', '', NULL, NULL, NULL, 0, NULL, NULL),
(79, 87, 0, '0000-00-00', '', NULL, NULL, NULL, NULL, NULL, NULL),
(80, 87, 0, '0000-00-00', '', '0', NULL, NULL, NULL, NULL, NULL),
(81, 87, 0, '0000-00-00', '', NULL, NULL, NULL, 0, NULL, NULL),
(82, 88, 0, '0000-00-00', '', NULL, NULL, NULL, NULL, NULL, NULL),
(83, 88, 0, '0000-00-00', '', '0', NULL, NULL, NULL, NULL, NULL),
(84, 88, 0, '0000-00-00', '', NULL, NULL, NULL, 0, NULL, NULL);

-- --------------------------------------------------------

--
-- Table structure for table `vac_hepa_table`
--

CREATE TABLE `vac_hepa_table` (
  `hepa_id` int(11) NOT NULL,
  `cid` int(11) NOT NULL,
  `dose1` tinyint(1) NOT NULL,
  `dose1_date` date NOT NULL,
  `dose1_administrator` varchar(60) NOT NULL,
  `dose2` tinytext,
  `dose2_date` date DEFAULT NULL,
  `dose2_administrator` varchar(60) DEFAULT NULL,
  `dose3` tinyint(4) DEFAULT NULL,
  `dose3_date` date DEFAULT NULL,
  `dose3_administrator` varchar(60) DEFAULT NULL
) ENGINE=InnoDB DEFAULT CHARSET=utf8mb4;

--
-- Dumping data for table `vac_hepa_table`
--

INSERT INTO `vac_hepa_table` (`hepa_id`, `cid`, `dose1`, `dose1_date`, `dose1_administrator`, `dose2`, `dose2_date`, `dose2_administrator`, `dose3`, `dose3_date`, `dose3_administrator`) VALUES
(1, 1, 1, '2023-10-20', 'HAROLD ANGELO TALAGTAG', NULL, NULL, NULL, NULL, NULL, NULL),
(2, 33, 0, '0000-00-00', '', '0', NULL, NULL, 0, NULL, NULL);

-- --------------------------------------------------------

--
-- Table structure for table `vac_hepb_table`
--

CREATE TABLE `vac_hepb_table` (
  `hepb_id` int(11) NOT NULL,
  `cid` int(11) NOT NULL,
  `dose1` tinyint(1) NOT NULL,
  `dose1_date` date NOT NULL,
  `dose1_administrator` varchar(60) NOT NULL,
  `dose2` tinyint(1) NOT NULL,
  `dose2_date` date NOT NULL,
  `dose2_administrator` varchar(60) NOT NULL,
  `dose3` tinyint(1) NOT NULL,
  `dose3_date` date NOT NULL,
  `dose3_administrator` varchar(60) NOT NULL
) ENGINE=InnoDB DEFAULT CHARSET=utf8mb4;

--
-- Dumping data for table `vac_hepb_table`
--

INSERT INTO `vac_hepb_table` (`hepb_id`, `cid`, `dose1`, `dose1_date`, `dose1_administrator`, `dose2`, `dose2_date`, `dose2_administrator`, `dose3`, `dose3_date`, `dose3_administrator`) VALUES
(0, 24, 1, '2023-11-23', 'JABAR', 0, '0000-00-00', '', 0, '0000-00-00', ''),
(3, 1, 1, '2023-10-10', 'test1 test1', 0, '0000-00-00', '', 0, '0000-00-00', ''),
(4, 17, 1, '2023-10-16', 'Gelo Samano', 0, '0000-00-00', '', 0, '0000-00-00', ''),
(5, 20, 1, '2023-10-29', 'John Wilson', 2, '2023-10-30', 'HAROLD ANGELO TALAGTAG', 0, '0000-00-00', ''),
(6, 27, 0, '0000-00-00', '', 0, '0000-00-00', '', 0, '0000-00-00', ''),
(7, 28, 0, '0000-00-00', '', 0, '0000-00-00', '', 0, '0000-00-00', ''),
(8, 29, 1, '2023-11-15', '', 0, '0000-00-00', '', 0, '0000-00-00', ''),
(9, 30, 0, '0000-00-00', '', 0, '0000-00-00', '', 0, '0000-00-00', ''),
(10, 31, 0, '0000-00-00', '', 0, '0000-00-00', '', 0, '0000-00-00', ''),
(11, 32, 0, '0000-00-00', '', 0, '0000-00-00', '', 0, '0000-00-00', ''),
(12, 33, 0, '0000-00-00', '', 0, '0000-00-00', '', 0, '0000-00-00', ''),
(13, 34, 0, '0000-00-00', '', 0, '0000-00-00', '', 0, '0000-00-00', ''),
(14, 34, 0, '0000-00-00', '', 0, '0000-00-00', '', 0, '0000-00-00', ''),
(15, 34, 0, '0000-00-00', '', 0, '0000-00-00', '', 0, '0000-00-00', ''),
(16, 37, 0, '0000-00-00', '', 0, '0000-00-00', '', 0, '0000-00-00', ''),
(17, 38, 0, '0000-00-00', '', 0, '0000-00-00', '', 0, '0000-00-00', ''),
(18, 39, 1, '2023-11-06', '', 0, '0000-00-00', '', 0, '0000-00-00', ''),
(19, 40, 1, '2023-09-11', '', 0, '0000-00-00', '', 0, '0000-00-00', ''),
(20, 41, 0, '0000-00-00', '', 0, '0000-00-00', '', 0, '0000-00-00', ''),
(21, 41, 0, '0000-00-00', '', 0, '0000-00-00', '', 0, '0000-00-00', ''),
(22, 41, 0, '0000-00-00', '', 0, '0000-00-00', '', 0, '0000-00-00', ''),
(23, 41, 0, '0000-00-00', '', 0, '0000-00-00', '', 0, '0000-00-00', ''),
(24, 47, 1, '2023-11-06', 'HAROLD ANGELO TALAGTAG', 0, '0000-00-00', '', 0, '0000-00-00', ''),
(25, 48, 1, '2023-11-08', '', 0, '0000-00-00', '', 0, '0000-00-00', ''),
(26, 49, 0, '0000-00-00', '', 0, '0000-00-00', '', 0, '0000-00-00', ''),
(27, 50, 0, '0000-00-00', '', 0, '0000-00-00', '', 0, '0000-00-00', ''),
(28, 51, 0, '0000-00-00', '', 0, '0000-00-00', '', 0, '0000-00-00', ''),
(29, 52, 0, '0000-00-00', '', 0, '0000-00-00', '', 0, '0000-00-00', ''),
(30, 53, 0, '0000-00-00', '', 0, '0000-00-00', '', 0, '0000-00-00', ''),
(31, 54, 1, '2023-11-02', '', 0, '0000-00-00', '', 0, '0000-00-00', ''),
(32, 55, 0, '0000-00-00', '', 0, '0000-00-00', '', 0, '0000-00-00', ''),
(33, 56, 0, '0000-00-00', '', 0, '0000-00-00', '', 0, '0000-00-00', ''),
(34, 57, 1, '2023-11-12', '', 0, '0000-00-00', '', 0, '0000-00-00', ''),
(35, 58, 0, '0000-00-00', '', 0, '0000-00-00', '', 0, '0000-00-00', ''),
(36, 59, 0, '0000-00-00', '', 0, '0000-00-00', '', 0, '0000-00-00', ''),
(37, 60, 0, '0000-00-00', '', 0, '0000-00-00', '', 0, '0000-00-00', ''),
(38, 61, 0, '0000-00-00', '', 0, '0000-00-00', '', 0, '0000-00-00', ''),
(39, 62, 0, '0000-00-00', '', 0, '0000-00-00', '', 0, '0000-00-00', ''),
(40, 63, 0, '0000-00-00', '', 0, '0000-00-00', '', 0, '0000-00-00', ''),
(41, 64, 0, '0000-00-00', '', 0, '0000-00-00', '', 0, '0000-00-00', ''),
(42, 65, 0, '0000-00-00', '', 0, '0000-00-00', '', 0, '0000-00-00', ''),
(43, 65, 0, '0000-00-00', '', 0, '0000-00-00', '', 0, '0000-00-00', ''),
(44, 67, 0, '0000-00-00', '', 0, '0000-00-00', '', 0, '0000-00-00', ''),
(45, 67, 0, '0000-00-00', '', 0, '0000-00-00', '', 0, '0000-00-00', ''),
(46, 69, 0, '0000-00-00', '', 0, '0000-00-00', '', 0, '0000-00-00', ''),
(47, 70, 0, '0000-00-00', '', 0, '0000-00-00', '', 0, '0000-00-00', ''),
(48, 71, 0, '0000-00-00', '', 0, '0000-00-00', '', 0, '0000-00-00', ''),
(49, 72, 0, '0000-00-00', '', 0, '0000-00-00', '', 0, '0000-00-00', ''),
(50, 27, 0, '0000-00-00', '', 0, '0000-00-00', '', 0, '0000-00-00', ''),
(51, 74, 0, '0000-00-00', '', 0, '0000-00-00', '', 0, '0000-00-00', ''),
(52, 74, 0, '0000-00-00', '', 0, '0000-00-00', '', 0, '0000-00-00', ''),
(53, 76, 0, '0000-00-00', '', 0, '0000-00-00', '', 0, '0000-00-00', ''),
(54, 77, 0, '0000-00-00', '', 0, '0000-00-00', '', 0, '0000-00-00', ''),
(55, 78, 0, '0000-00-00', '', 0, '0000-00-00', '', 0, '0000-00-00', ''),
(56, 78, 0, '0000-00-00', '', 0, '0000-00-00', '', 0, '0000-00-00', ''),
(57, 78, 0, '0000-00-00', '', 0, '0000-00-00', '', 0, '0000-00-00', ''),
(58, 79, 0, '0000-00-00', '', 0, '0000-00-00', '', 0, '0000-00-00', ''),
(59, 79, 0, '0000-00-00', '', 0, '0000-00-00', '', 0, '0000-00-00', ''),
(60, 79, 0, '0000-00-00', '', 0, '0000-00-00', '', 0, '0000-00-00', ''),
(61, 79, 0, '0000-00-00', '', 0, '0000-00-00', '', 0, '0000-00-00', ''),
(62, 79, 0, '0000-00-00', '', 0, '0000-00-00', '', 0, '0000-00-00', ''),
(63, 79, 0, '0000-00-00', '', 0, '0000-00-00', '', 0, '0000-00-00', ''),
(64, 81, 0, '0000-00-00', '', 0, '0000-00-00', '', 0, '0000-00-00', ''),
(65, 81, 0, '0000-00-00', '', 0, '0000-00-00', '', 0, '0000-00-00', ''),
(66, 81, 0, '0000-00-00', '', 0, '0000-00-00', '', 0, '0000-00-00', ''),
(67, 82, 0, '0000-00-00', '', 0, '0000-00-00', '', 0, '0000-00-00', ''),
(68, 82, 0, '0000-00-00', '', 0, '0000-00-00', '', 0, '0000-00-00', ''),
(69, 82, 0, '0000-00-00', '', 0, '0000-00-00', '', 0, '0000-00-00', ''),
(70, 83, 0, '0000-00-00', '', 0, '0000-00-00', '', 0, '0000-00-00', ''),
(71, 83, 0, '0000-00-00', '', 0, '0000-00-00', '', 0, '0000-00-00', ''),
(72, 83, 0, '0000-00-00', '', 0, '0000-00-00', '', 0, '0000-00-00', ''),
(73, 84, 0, '0000-00-00', '', 0, '0000-00-00', '', 0, '0000-00-00', ''),
(74, 84, 0, '0000-00-00', '', 0, '0000-00-00', '', 0, '0000-00-00', ''),
(75, 84, 0, '0000-00-00', '', 0, '0000-00-00', '', 0, '0000-00-00', ''),
(76, 85, 0, '0000-00-00', '', 0, '0000-00-00', '', 0, '0000-00-00', ''),
(77, 85, 0, '0000-00-00', '', 0, '0000-00-00', '', 0, '0000-00-00', ''),
(78, 85, 0, '0000-00-00', '', 0, '0000-00-00', '', 0, '0000-00-00', ''),
(79, 86, 0, '0000-00-00', '', 0, '0000-00-00', '', 0, '0000-00-00', ''),
(80, 86, 0, '0000-00-00', '', 0, '0000-00-00', '', 0, '0000-00-00', ''),
(81, 86, 0, '0000-00-00', '', 0, '0000-00-00', '', 0, '0000-00-00', ''),
(82, 87, 0, '0000-00-00', '', 0, '0000-00-00', '', 0, '0000-00-00', ''),
(83, 87, 0, '0000-00-00', '', 0, '0000-00-00', '', 0, '0000-00-00', ''),
(84, 87, 0, '0000-00-00', '', 0, '0000-00-00', '', 0, '0000-00-00', ''),
(85, 88, 0, '0000-00-00', '', 0, '0000-00-00', '', 0, '0000-00-00', ''),
(86, 88, 0, '0000-00-00', '', 0, '0000-00-00', '', 0, '0000-00-00', ''),
(87, 88, 0, '0000-00-00', '', 0, '0000-00-00', '', 0, '0000-00-00', '');

-- --------------------------------------------------------

--
-- Table structure for table `vac_hib_table`
--

CREATE TABLE `vac_hib_table` (
  `hib_id` int(11) NOT NULL,
  `cid` int(11) NOT NULL,
  `dose1` tinyint(1) NOT NULL,
  `dose1_date` date NOT NULL,
  `dose1_administrator` varchar(60) NOT NULL,
  `dose2` tinytext,
  `dose2_date` date DEFAULT NULL,
  `dose2_administrator` varchar(60) DEFAULT NULL,
  `dose3` tinyint(4) DEFAULT NULL,
  `dose3_date` date DEFAULT NULL,
  `dose3_administrator` varchar(60) DEFAULT NULL
) ENGINE=InnoDB DEFAULT CHARSET=utf8mb4;

--
-- Dumping data for table `vac_hib_table`
--

INSERT INTO `vac_hib_table` (`hib_id`, `cid`, `dose1`, `dose1_date`, `dose1_administrator`, `dose2`, `dose2_date`, `dose2_administrator`, `dose3`, `dose3_date`, `dose3_administrator`) VALUES
(1, 1, 1, '2023-10-19', 'test1 test1', NULL, NULL, NULL, NULL, NULL, NULL),
(2, 17, 1, '2023-10-18', 'HAROLD ANGELO TALAGTAG', NULL, NULL, NULL, NULL, NULL, NULL),
(3, 20, 1, '2023-10-27', 'John Wilson', NULL, NULL, NULL, NULL, NULL, NULL),
(4, 27, 0, '0000-00-00', '', '0', NULL, NULL, 0, NULL, NULL),
(5, 28, 0, '0000-00-00', '', '', NULL, NULL, 0, NULL, NULL),
(6, 29, 0, '0000-00-00', '', '0', NULL, NULL, 0, NULL, NULL),
(7, 30, 0, '0000-00-00', '', '0', NULL, NULL, 0, NULL, NULL),
(8, 31, 0, '0000-00-00', '', '0', NULL, NULL, 0, NULL, NULL),
(9, 32, 0, '0000-00-00', '', '0', NULL, NULL, 0, NULL, NULL),
(10, 33, 0, '0000-00-00', '', '0', NULL, NULL, 0, NULL, NULL),
(11, 34, 0, '0000-00-00', '', '', NULL, NULL, 0, NULL, NULL),
(12, 34, 0, '0000-00-00', '', '', NULL, NULL, 0, NULL, NULL),
(13, 34, 0, '0000-00-00', '', '', NULL, NULL, 0, NULL, NULL),
(14, 37, 0, '0000-00-00', '', '0', NULL, NULL, 0, NULL, NULL),
(15, 38, 0, '0000-00-00', '', '0', NULL, NULL, 0, NULL, NULL),
(16, 39, 1, '2023-11-07', '', '0', NULL, NULL, 0, NULL, NULL),
(17, 40, 0, '0000-00-00', '', '0', NULL, NULL, 0, NULL, NULL),
(18, 41, 0, '0000-00-00', '', '0', NULL, NULL, 0, NULL, NULL),
(19, 41, 0, '0000-00-00', '', '0', NULL, NULL, 0, NULL, NULL),
(20, 41, 0, '0000-00-00', '', '0', NULL, NULL, 0, NULL, NULL),
(21, 41, 0, '0000-00-00', '', '0', NULL, NULL, 0, NULL, NULL),
(22, 47, 0, '0000-00-00', '', '0', NULL, NULL, 0, NULL, NULL),
(23, 25, 1, '2023-11-01', 'HAROLD ANGELO TALAGTAG', NULL, NULL, NULL, NULL, NULL, NULL),
(24, 48, 0, '0000-00-00', '', '0', NULL, NULL, 0, NULL, NULL),
(25, 49, 0, '0000-00-00', '', '0', NULL, NULL, 0, NULL, NULL),
(26, 50, 0, '0000-00-00', '', '0', NULL, NULL, 0, NULL, NULL),
(27, 51, 0, '0000-00-00', '', '0', NULL, NULL, 0, NULL, NULL),
(28, 52, 0, '0000-00-00', '', '0', NULL, NULL, 0, NULL, NULL),
(29, 53, 0, '0000-00-00', '', '0', NULL, NULL, 0, NULL, NULL),
(30, 54, 0, '0000-00-00', '', '0', NULL, NULL, 0, NULL, NULL),
(31, 55, 0, '0000-00-00', '', '0', NULL, NULL, 0, NULL, NULL),
(32, 56, 0, '0000-00-00', '', '0', NULL, NULL, 0, NULL, NULL),
(33, 57, 1, '2023-11-10', '', '0', NULL, NULL, 0, NULL, NULL),
(34, 58, 0, '0000-00-00', '', '0', NULL, NULL, 0, NULL, NULL),
(35, 59, 0, '0000-00-00', '', '0', NULL, NULL, 0, NULL, NULL),
(36, 60, 0, '0000-00-00', '', '0', NULL, NULL, 0, NULL, NULL),
(37, 61, 0, '0000-00-00', '', '0', NULL, NULL, 0, NULL, NULL),
(38, 62, 0, '0000-00-00', '', '0', NULL, NULL, 0, NULL, NULL),
(39, 63, 0, '0000-00-00', '', '0', NULL, NULL, 0, NULL, NULL),
(40, 64, 0, '0000-00-00', '', '0', NULL, NULL, 0, NULL, NULL),
(41, 65, 0, '0000-00-00', '', '0', NULL, NULL, 0, NULL, NULL),
(42, 65, 0, '0000-00-00', '', '0', NULL, NULL, 0, NULL, NULL),
(43, 67, 0, '0000-00-00', '', '0', NULL, NULL, 0, NULL, NULL),
(44, 67, 0, '0000-00-00', '', '0', NULL, NULL, 0, NULL, NULL),
(45, 69, 0, '0000-00-00', '', '0', NULL, NULL, 0, NULL, NULL),
(46, 70, 0, '0000-00-00', '', '0', NULL, NULL, 0, NULL, NULL),
(47, 71, 0, '0000-00-00', '', '0', NULL, NULL, 0, NULL, NULL),
(48, 72, 0, '0000-00-00', '', '0', NULL, NULL, 0, NULL, NULL),
(49, 27, 0, '0000-00-00', '', '0', NULL, NULL, 0, NULL, NULL),
(50, 74, 0, '0000-00-00', '', '0', NULL, NULL, 0, NULL, NULL),
(51, 74, 0, '0000-00-00', '', '0', NULL, NULL, 0, NULL, NULL),
(52, 76, 0, '0000-00-00', '', '0', NULL, NULL, 0, NULL, NULL),
(53, 77, 0, '0000-00-00', '', '0', NULL, NULL, 0, NULL, NULL),
(54, 78, 0, '0000-00-00', '', NULL, NULL, NULL, NULL, NULL, NULL),
(55, 78, 0, '0000-00-00', '', '0', NULL, NULL, NULL, NULL, NULL),
(56, 78, 0, '0000-00-00', '', NULL, NULL, NULL, 0, NULL, NULL),
(57, 79, 0, '0000-00-00', '', NULL, NULL, NULL, NULL, NULL, NULL),
(58, 79, 0, '0000-00-00', '', '0', NULL, NULL, NULL, NULL, NULL),
(59, 79, 0, '0000-00-00', '', NULL, NULL, NULL, 0, NULL, NULL),
(60, 79, 0, '0000-00-00', '', NULL, NULL, NULL, NULL, NULL, NULL),
(61, 79, 0, '0000-00-00', '', '0', NULL, NULL, NULL, NULL, NULL),
(62, 79, 0, '0000-00-00', '', NULL, NULL, NULL, 0, NULL, NULL),
(63, 81, 0, '0000-00-00', '', NULL, NULL, NULL, NULL, NULL, NULL),
(64, 81, 0, '0000-00-00', '', '0', NULL, NULL, NULL, NULL, NULL),
(65, 81, 0, '0000-00-00', '', NULL, NULL, NULL, 0, NULL, NULL),
(66, 82, 0, '0000-00-00', '', NULL, NULL, NULL, NULL, NULL, NULL),
(67, 82, 0, '0000-00-00', '', '0', NULL, NULL, NULL, NULL, NULL),
(68, 82, 0, '0000-00-00', '', NULL, NULL, NULL, 0, NULL, NULL),
(69, 83, 0, '0000-00-00', '', NULL, NULL, NULL, NULL, NULL, NULL),
(70, 83, 0, '0000-00-00', '', '0', NULL, NULL, NULL, NULL, NULL),
(71, 83, 0, '0000-00-00', '', NULL, NULL, NULL, 0, NULL, NULL),
(72, 84, 0, '0000-00-00', '', NULL, NULL, NULL, NULL, NULL, NULL),
(73, 84, 0, '0000-00-00', '', '0', NULL, NULL, NULL, NULL, NULL),
(74, 84, 0, '0000-00-00', '', NULL, NULL, NULL, 0, NULL, NULL),
(75, 85, 0, '0000-00-00', '', NULL, NULL, NULL, NULL, NULL, NULL),
(76, 85, 0, '0000-00-00', '', '', NULL, NULL, NULL, NULL, NULL),
(77, 85, 0, '0000-00-00', '', NULL, NULL, NULL, 0, NULL, NULL),
(78, 86, 0, '0000-00-00', '', NULL, NULL, NULL, NULL, NULL, NULL),
(79, 86, 0, '0000-00-00', '', '0', NULL, NULL, NULL, NULL, NULL),
(80, 86, 0, '0000-00-00', '', NULL, NULL, NULL, 0, NULL, NULL),
(81, 87, 0, '0000-00-00', '', NULL, NULL, NULL, NULL, NULL, NULL),
(82, 87, 0, '0000-00-00', '', '0', NULL, NULL, NULL, NULL, NULL),
(83, 87, 0, '0000-00-00', '', NULL, NULL, NULL, 0, NULL, NULL),
(84, 88, 0, '0000-00-00', '', NULL, NULL, NULL, NULL, NULL, NULL),
(85, 88, 0, '0000-00-00', '', '0', NULL, NULL, NULL, NULL, NULL),
(86, 88, 0, '0000-00-00', '', NULL, NULL, NULL, 0, NULL, NULL);

-- --------------------------------------------------------

--
-- Table structure for table `vac_influenza_table`
--

CREATE TABLE `vac_influenza_table` (
  `influenza_id` int(11) NOT NULL,
  `cid` int(11) NOT NULL,
  `dose1` tinyint(1) NOT NULL,
  `dose1_date` date NOT NULL,
  `dose1_administrator` varchar(60) NOT NULL,
  `dose2` tinytext,
  `dose2_date` date DEFAULT NULL,
  `dose2_administrator` varchar(60) DEFAULT NULL,
  `dose3` tinyint(4) DEFAULT NULL,
  `dose3_date` date DEFAULT NULL,
  `dose3_administrator` varchar(60) DEFAULT NULL
) ENGINE=InnoDB DEFAULT CHARSET=utf8mb4;

--
-- Dumping data for table `vac_influenza_table`
--

INSERT INTO `vac_influenza_table` (`influenza_id`, `cid`, `dose1`, `dose1_date`, `dose1_administrator`, `dose2`, `dose2_date`, `dose2_administrator`, `dose3`, `dose3_date`, `dose3_administrator`) VALUES
(1, 33, 0, '0000-00-00', '', '0', NULL, NULL, 0, NULL, NULL),
(2, 11, 1, '2023-11-06', 'HAROLD ANGELO TALAGTAG', NULL, NULL, NULL, NULL, NULL, NULL);

-- --------------------------------------------------------

--
-- Table structure for table `vac_measles_table`
--

CREATE TABLE `vac_measles_table` (
  `measles_id` int(11) NOT NULL,
  `cid` int(11) NOT NULL,
  `dose1` tinyint(1) NOT NULL,
  `dose1_date` date NOT NULL,
  `dose1_administrator` varchar(60) NOT NULL,
  `dose2` tinytext,
  `dose2_date` date DEFAULT NULL,
  `dose2_administrator` varchar(60) DEFAULT NULL,
  `dose3` tinyint(4) DEFAULT NULL,
  `dose3_date` date DEFAULT NULL,
  `dose3_administrator` varchar(60) DEFAULT NULL
) ENGINE=InnoDB DEFAULT CHARSET=utf8mb4;

--
-- Dumping data for table `vac_measles_table`
--

INSERT INTO `vac_measles_table` (`measles_id`, `cid`, `dose1`, `dose1_date`, `dose1_administrator`, `dose2`, `dose2_date`, `dose2_administrator`, `dose3`, `dose3_date`, `dose3_administrator`) VALUES
(1, 1, 1, '2023-10-11', 'test12 test12', NULL, NULL, NULL, NULL, NULL, NULL),
(2, 33, 0, '0000-00-00', '', '0', NULL, NULL, 0, NULL, NULL),
(3, 11, 1, '2023-11-06', 'HAROLD ANGELO TALAGTAG', NULL, NULL, NULL, NULL, NULL, NULL);

-- --------------------------------------------------------

--
-- Table structure for table `vac_pcv_table`
--

CREATE TABLE `vac_pcv_table` (
  `pcv_id` int(11) NOT NULL,
  `cid` int(11) NOT NULL,
  `dose1` tinyint(1) NOT NULL,
  `dose1_date` date NOT NULL,
  `dose1_administrator` varchar(60) NOT NULL,
  `dose2` tinytext,
  `dose2_date` date DEFAULT NULL,
  `dose2_administrator` varchar(60) DEFAULT NULL,
  `dose3` tinyint(4) DEFAULT NULL,
  `dose3_date` date DEFAULT NULL,
  `dose3_administrator` varchar(60) DEFAULT NULL
) ENGINE=InnoDB DEFAULT CHARSET=utf8mb4;

--
-- Dumping data for table `vac_pcv_table`
--

INSERT INTO `vac_pcv_table` (`pcv_id`, `cid`, `dose1`, `dose1_date`, `dose1_administrator`, `dose2`, `dose2_date`, `dose2_administrator`, `dose3`, `dose3_date`, `dose3_administrator`) VALUES
(1, 1, 1, '2023-10-27', 'test1 test1', NULL, NULL, NULL, NULL, NULL, NULL),
(2, 16, 1, '2023-10-03', 'HAROLD ANGELO TALAGTAG', NULL, NULL, NULL, NULL, NULL, NULL),
(3, 18, 1, '2023-10-10', 'HAROLD ANGELO TALAGTAG', NULL, NULL, NULL, NULL, NULL, NULL),
(4, 20, 1, '2023-10-29', 'John Wilson', NULL, NULL, NULL, NULL, NULL, NULL),
(5, 24, 1, '2023-10-30', 'HAROLD ANGELO TALAGTAG', NULL, NULL, NULL, NULL, NULL, NULL),
(6, 27, 0, '0000-00-00', '', '0', NULL, NULL, 0, NULL, NULL),
(7, 28, 0, '0000-00-00', '', '', NULL, NULL, 0, NULL, NULL),
(8, 29, 0, '0000-00-00', '', '0', NULL, NULL, 0, NULL, NULL),
(9, 30, 0, '0000-00-00', '', '0', NULL, NULL, 0, NULL, NULL),
(10, 31, 0, '0000-00-00', '', '0', NULL, NULL, 0, NULL, NULL),
(11, 32, 0, '0000-00-00', '', '0', NULL, NULL, 0, NULL, NULL),
(12, 33, 0, '0000-00-00', '', '0', NULL, NULL, 0, NULL, NULL),
(13, 34, 0, '0000-00-00', '', '', NULL, NULL, 0, NULL, NULL),
(14, 34, 0, '0000-00-00', '', '', NULL, NULL, 0, NULL, NULL),
(15, 34, 0, '0000-00-00', '', '', NULL, NULL, 0, NULL, NULL),
(16, 37, 0, '0000-00-00', '', '0', NULL, NULL, 0, NULL, NULL),
(17, 38, 0, '0000-00-00', '', '0', NULL, NULL, 0, NULL, NULL),
(18, 39, 0, '0000-00-00', '', '0', NULL, NULL, 0, NULL, NULL),
(19, 40, 0, '0000-00-00', '', '0', NULL, NULL, 0, NULL, NULL),
(20, 41, 0, '0000-00-00', '', '0', NULL, NULL, 0, NULL, NULL),
(21, 41, 0, '0000-00-00', '', '0', NULL, NULL, 0, NULL, NULL),
(22, 41, 0, '0000-00-00', '', '0', NULL, NULL, 0, NULL, NULL),
(23, 41, 0, '0000-00-00', '', '0', NULL, NULL, 0, NULL, NULL),
(24, 47, 0, '0000-00-00', '', '0', NULL, NULL, 0, NULL, NULL),
(25, 48, 0, '0000-00-00', '', '0', NULL, NULL, 0, NULL, NULL),
(26, 49, 0, '0000-00-00', '', '0', NULL, NULL, 0, NULL, NULL),
(27, 50, 0, '0000-00-00', '', '0', NULL, NULL, 0, NULL, NULL),
(28, 51, 0, '0000-00-00', '', '0', NULL, NULL, 0, NULL, NULL),
(29, 52, 0, '0000-00-00', '', '0', NULL, NULL, 0, NULL, NULL),
(30, 53, 0, '0000-00-00', '', '0', NULL, NULL, 0, NULL, NULL),
(31, 54, 0, '0000-00-00', '', '0', NULL, NULL, 0, NULL, NULL),
(32, 55, 0, '0000-00-00', '', '0', NULL, NULL, 0, NULL, NULL),
(33, 56, 0, '0000-00-00', '', '0', NULL, NULL, 0, NULL, NULL),
(34, 57, 0, '0000-00-00', '', '0', NULL, NULL, 0, NULL, NULL),
(35, 58, 0, '0000-00-00', '', '0', NULL, NULL, 0, NULL, NULL),
(36, 59, 0, '0000-00-00', '', '0', NULL, NULL, 0, NULL, NULL),
(37, 60, 0, '0000-00-00', '', '0', NULL, NULL, 0, NULL, NULL),
(38, 61, 0, '0000-00-00', '', '0', NULL, NULL, 0, NULL, NULL),
(39, 62, 0, '0000-00-00', '', '0', NULL, NULL, 0, NULL, NULL),
(40, 63, 0, '0000-00-00', '', '0', NULL, NULL, 0, NULL, NULL),
(41, 64, 0, '0000-00-00', '', '0', NULL, NULL, 0, NULL, NULL),
(42, 65, 0, '0000-00-00', '', '0', NULL, NULL, 0, NULL, NULL),
(43, 65, 0, '0000-00-00', '', '0', NULL, NULL, 0, NULL, NULL),
(44, 67, 0, '0000-00-00', '', '0', NULL, NULL, 0, NULL, NULL),
(45, 67, 0, '0000-00-00', '', '0', NULL, NULL, 0, NULL, NULL),
(46, 69, 0, '0000-00-00', '', '0', NULL, NULL, 0, NULL, NULL),
(47, 70, 0, '0000-00-00', '', '0', NULL, NULL, 0, NULL, NULL),
(48, 71, 0, '0000-00-00', '', '0', NULL, NULL, 0, NULL, NULL),
(49, 72, 0, '0000-00-00', '', '0', NULL, NULL, 0, NULL, NULL),
(50, 27, 0, '0000-00-00', '', '0', NULL, NULL, 0, NULL, NULL),
(51, 74, 0, '0000-00-00', '', '0', NULL, NULL, 0, NULL, NULL),
(52, 74, 0, '0000-00-00', '', '0', NULL, NULL, 0, NULL, NULL),
(53, 76, 0, '0000-00-00', '', '0', NULL, NULL, 0, NULL, NULL),
(54, 77, 0, '0000-00-00', '', '0', NULL, NULL, 0, NULL, NULL),
(55, 78, 0, '0000-00-00', '', NULL, NULL, NULL, NULL, NULL, NULL),
(56, 78, 0, '0000-00-00', '', '0', NULL, NULL, NULL, NULL, NULL),
(57, 78, 0, '0000-00-00', '', NULL, NULL, NULL, 0, NULL, NULL),
(58, 79, 0, '0000-00-00', '', NULL, NULL, NULL, NULL, NULL, NULL),
(59, 79, 0, '0000-00-00', '', '0', NULL, NULL, NULL, NULL, NULL),
(60, 79, 0, '0000-00-00', '', NULL, NULL, NULL, 0, NULL, NULL),
(61, 79, 0, '0000-00-00', '', NULL, NULL, NULL, NULL, NULL, NULL),
(62, 79, 0, '0000-00-00', '', '0', NULL, NULL, NULL, NULL, NULL),
(63, 79, 0, '0000-00-00', '', NULL, NULL, NULL, 0, NULL, NULL),
(64, 81, 0, '0000-00-00', '', NULL, NULL, NULL, NULL, NULL, NULL),
(65, 81, 0, '0000-00-00', '', '0', NULL, NULL, NULL, NULL, NULL),
(66, 81, 0, '0000-00-00', '', NULL, NULL, NULL, 0, NULL, NULL),
(67, 82, 0, '0000-00-00', '', NULL, NULL, NULL, NULL, NULL, NULL),
(68, 82, 0, '0000-00-00', '', '0', NULL, NULL, NULL, NULL, NULL),
(69, 82, 0, '0000-00-00', '', NULL, NULL, NULL, 0, NULL, NULL),
(70, 83, 0, '0000-00-00', '', NULL, NULL, NULL, NULL, NULL, NULL),
(71, 83, 0, '0000-00-00', '', '0', NULL, NULL, NULL, NULL, NULL),
(72, 83, 0, '0000-00-00', '', NULL, NULL, NULL, 0, NULL, NULL),
(73, 84, 0, '0000-00-00', '', NULL, NULL, NULL, NULL, NULL, NULL),
(74, 84, 0, '0000-00-00', '', '0', NULL, NULL, NULL, NULL, NULL),
(75, 84, 0, '0000-00-00', '', NULL, NULL, NULL, 0, NULL, NULL),
(76, 85, 0, '0000-00-00', '', NULL, NULL, NULL, NULL, NULL, NULL),
(77, 85, 0, '0000-00-00', '', '', NULL, NULL, NULL, NULL, NULL),
(78, 85, 0, '0000-00-00', '', NULL, NULL, NULL, 0, NULL, NULL),
(79, 86, 0, '0000-00-00', '', NULL, NULL, NULL, NULL, NULL, NULL),
(80, 86, 0, '0000-00-00', '', '0', NULL, NULL, NULL, NULL, NULL),
(81, 86, 0, '0000-00-00', '', NULL, NULL, NULL, 0, NULL, NULL),
(82, 87, 0, '0000-00-00', '', NULL, NULL, NULL, NULL, NULL, NULL),
(83, 87, 0, '0000-00-00', '', '0', NULL, NULL, NULL, NULL, NULL),
(84, 87, 0, '0000-00-00', '', NULL, NULL, NULL, 0, NULL, NULL),
(85, 88, 0, '0000-00-00', '', NULL, NULL, NULL, NULL, NULL, NULL),
(86, 88, 0, '0000-00-00', '', '0', NULL, NULL, NULL, NULL, NULL),
(87, 88, 0, '0000-00-00', '', NULL, NULL, NULL, 0, NULL, NULL);

-- --------------------------------------------------------

--
-- Table structure for table `vac_polio_table`
--

CREATE TABLE `vac_polio_table` (
  `polio_id` int(11) NOT NULL,
  `cid` int(11) NOT NULL,
  `dose1` tinyint(1) NOT NULL,
  `dose1_date` date NOT NULL,
  `dose1_administrator` varchar(60) NOT NULL,
  `dose2` tinytext,
  `dose2_date` date DEFAULT NULL,
  `dose2_administrator` varchar(60) DEFAULT NULL,
  `dose3` tinyint(4) DEFAULT NULL,
  `dose3_date` date DEFAULT NULL,
  `dose3_administrator` varchar(60) DEFAULT NULL
) ENGINE=InnoDB DEFAULT CHARSET=utf8mb4;

--
-- Dumping data for table `vac_polio_table`
--

INSERT INTO `vac_polio_table` (`polio_id`, `cid`, `dose1`, `dose1_date`, `dose1_administrator`, `dose2`, `dose2_date`, `dose2_administrator`, `dose3`, `dose3_date`, `dose3_administrator`) VALUES
(1, 19, 1, '2023-10-30', 'HAROLD ANGELO TALAGTAG', NULL, NULL, NULL, NULL, NULL, NULL),
(2, 20, 1, '2023-10-28', 'HAROLD ANGELO TALAGTAG', NULL, NULL, NULL, NULL, NULL, NULL),
(3, 27, 0, '0000-00-00', '', NULL, NULL, NULL, NULL, NULL, NULL),
(4, 28, 0, '0000-00-00', '', NULL, NULL, NULL, NULL, NULL, NULL),
(5, 29, 0, '0000-00-00', '', NULL, NULL, NULL, NULL, NULL, NULL),
(6, 30, 0, '0000-00-00', '', NULL, NULL, NULL, NULL, NULL, NULL),
(7, 31, 0, '0000-00-00', '', NULL, NULL, NULL, NULL, NULL, NULL),
(8, 32, 0, '0000-00-00', '', NULL, NULL, NULL, NULL, NULL, NULL),
(9, 33, 0, '0000-00-00', '', NULL, NULL, NULL, NULL, NULL, NULL),
(10, 34, 0, '0000-00-00', '', NULL, NULL, NULL, NULL, NULL, NULL),
(11, 34, 0, '0000-00-00', '', NULL, NULL, NULL, NULL, NULL, NULL),
(12, 34, 0, '0000-00-00', '', NULL, NULL, NULL, NULL, NULL, NULL),
(13, 37, 0, '0000-00-00', '', NULL, NULL, NULL, NULL, NULL, NULL),
(14, 38, 0, '0000-00-00', '', NULL, NULL, NULL, NULL, NULL, NULL),
(15, 39, 0, '0000-00-00', '', NULL, NULL, NULL, NULL, NULL, NULL),
(16, 40, 0, '0000-00-00', '', NULL, NULL, NULL, NULL, NULL, NULL),
(17, 41, 0, '0000-00-00', '', NULL, NULL, NULL, NULL, NULL, NULL),
(18, 41, 0, '0000-00-00', '', NULL, NULL, NULL, NULL, NULL, NULL),
(19, 41, 0, '0000-00-00', '', NULL, NULL, NULL, NULL, NULL, NULL),
(20, 41, 0, '0000-00-00', '', NULL, NULL, NULL, NULL, NULL, NULL),
(21, 47, 0, '0000-00-00', '', NULL, NULL, NULL, NULL, NULL, NULL),
(22, 48, 0, '0000-00-00', '', NULL, NULL, NULL, NULL, NULL, NULL),
(23, 49, 0, '0000-00-00', '', NULL, NULL, NULL, NULL, NULL, NULL),
(24, 50, 0, '0000-00-00', '', NULL, NULL, NULL, NULL, NULL, NULL),
(25, 51, 0, '0000-00-00', '', NULL, NULL, NULL, NULL, NULL, NULL),
(26, 52, 0, '0000-00-00', '', NULL, NULL, NULL, NULL, NULL, NULL),
(27, 53, 0, '0000-00-00', '', NULL, NULL, NULL, NULL, NULL, NULL),
(28, 54, 0, '0000-00-00', '', NULL, NULL, NULL, NULL, NULL, NULL),
(29, 55, 0, '0000-00-00', '', NULL, NULL, NULL, NULL, NULL, NULL),
(30, 56, 0, '0000-00-00', '', NULL, NULL, NULL, NULL, NULL, NULL),
(31, 57, 0, '0000-00-00', '', NULL, NULL, NULL, NULL, NULL, NULL),
(32, 58, 0, '0000-00-00', '', NULL, NULL, NULL, NULL, NULL, NULL),
(33, 59, 0, '0000-00-00', '', NULL, NULL, NULL, NULL, NULL, NULL),
(34, 60, 0, '0000-00-00', '', NULL, NULL, NULL, NULL, NULL, NULL),
(35, 61, 0, '0000-00-00', '', NULL, NULL, NULL, NULL, NULL, NULL),
(36, 62, 0, '0000-00-00', '', NULL, NULL, NULL, NULL, NULL, NULL),
(37, 63, 0, '0000-00-00', '', NULL, NULL, NULL, NULL, NULL, NULL),
(38, 64, 0, '0000-00-00', '', NULL, NULL, NULL, NULL, NULL, NULL),
(39, 65, 0, '0000-00-00', '', NULL, NULL, NULL, NULL, NULL, NULL),
(40, 65, 0, '0000-00-00', '', NULL, NULL, NULL, NULL, NULL, NULL),
(41, 67, 0, '0000-00-00', '', NULL, NULL, NULL, NULL, NULL, NULL),
(42, 67, 0, '0000-00-00', '', NULL, NULL, NULL, NULL, NULL, NULL),
(43, 69, 0, '0000-00-00', '', NULL, NULL, NULL, NULL, NULL, NULL),
(44, 70, 0, '0000-00-00', '', NULL, NULL, NULL, NULL, NULL, NULL),
(45, 71, 0, '0000-00-00', '', NULL, NULL, NULL, NULL, NULL, NULL),
(46, 72, 0, '0000-00-00', '', NULL, NULL, NULL, NULL, NULL, NULL),
(47, 27, 0, '0000-00-00', '', NULL, NULL, NULL, NULL, NULL, NULL),
(48, 74, 0, '0000-00-00', '', NULL, NULL, NULL, NULL, NULL, NULL),
(49, 74, 0, '0000-00-00', '', NULL, NULL, NULL, NULL, NULL, NULL),
(50, 76, 0, '0000-00-00', '', NULL, NULL, NULL, NULL, NULL, NULL),
(51, 77, 0, '0000-00-00', '', NULL, NULL, NULL, NULL, NULL, NULL),
(52, 78, 0, '0000-00-00', '', NULL, NULL, NULL, NULL, NULL, NULL),
(53, 78, 0, '0000-00-00', '', '0', NULL, NULL, NULL, NULL, NULL),
(54, 78, 0, '0000-00-00', '', NULL, NULL, NULL, 0, NULL, NULL),
(55, 79, 0, '0000-00-00', '', NULL, NULL, NULL, NULL, NULL, NULL),
(56, 79, 0, '0000-00-00', '', '0', NULL, NULL, NULL, NULL, NULL),
(57, 79, 0, '0000-00-00', '', NULL, NULL, NULL, 0, NULL, NULL),
(58, 79, 0, '0000-00-00', '', NULL, NULL, NULL, NULL, NULL, NULL),
(59, 79, 0, '0000-00-00', '', '0', NULL, NULL, NULL, NULL, NULL),
(60, 79, 0, '0000-00-00', '', NULL, NULL, NULL, 0, NULL, NULL),
(61, 81, 0, '0000-00-00', '', NULL, NULL, NULL, NULL, NULL, NULL),
(62, 81, 0, '0000-00-00', '', '0', NULL, NULL, NULL, NULL, NULL),
(63, 81, 0, '0000-00-00', '', NULL, NULL, NULL, 0, NULL, NULL),
(64, 82, 0, '0000-00-00', '', NULL, NULL, NULL, NULL, NULL, NULL),
(65, 82, 0, '0000-00-00', '', '0', NULL, NULL, NULL, NULL, NULL),
(66, 82, 0, '0000-00-00', '', NULL, NULL, NULL, 0, NULL, NULL),
(67, 83, 0, '0000-00-00', '', NULL, NULL, NULL, NULL, NULL, NULL),
(68, 83, 0, '0000-00-00', '', '0', NULL, NULL, NULL, NULL, NULL),
(69, 83, 0, '0000-00-00', '', NULL, NULL, NULL, 0, NULL, NULL),
(70, 84, 0, '0000-00-00', '', NULL, NULL, NULL, NULL, NULL, NULL),
(71, 84, 0, '0000-00-00', '', '0', NULL, NULL, NULL, NULL, NULL),
(72, 84, 0, '0000-00-00', '', NULL, NULL, NULL, 0, NULL, NULL),
(73, 85, 0, '0000-00-00', '', NULL, NULL, NULL, NULL, NULL, NULL),
(74, 85, 0, '0000-00-00', '', '', NULL, NULL, NULL, NULL, NULL),
(75, 85, 0, '0000-00-00', '', NULL, NULL, NULL, 0, NULL, NULL),
(76, 86, 0, '0000-00-00', '', NULL, NULL, NULL, NULL, NULL, NULL),
(77, 86, 0, '0000-00-00', '', '0', NULL, NULL, NULL, NULL, NULL),
(78, 86, 0, '0000-00-00', '', NULL, NULL, NULL, 0, NULL, NULL),
(79, 87, 0, '0000-00-00', '', NULL, NULL, NULL, NULL, NULL, NULL),
(80, 87, 0, '0000-00-00', '', '0', NULL, NULL, NULL, NULL, NULL),
(81, 87, 0, '0000-00-00', '', NULL, NULL, NULL, 0, NULL, NULL),
(82, 88, 0, '0000-00-00', '', NULL, NULL, NULL, NULL, NULL, NULL),
(83, 88, 0, '0000-00-00', '', '0', NULL, NULL, NULL, NULL, NULL),
(84, 88, 0, '0000-00-00', '', NULL, NULL, NULL, 0, NULL, NULL);

-- --------------------------------------------------------

--
-- Table structure for table `vac_rota_table`
--

CREATE TABLE `vac_rota_table` (
  `rota_id` int(11) NOT NULL,
  `cid` int(11) NOT NULL,
  `dose1` tinyint(1) NOT NULL,
  `dose1_date` date NOT NULL,
  `dose1_administrator` varchar(60) NOT NULL,
  `dose2` tinytext,
  `dose2_date` date DEFAULT NULL,
  `dose2_administrator` varchar(60) DEFAULT NULL,
  `dose3` tinyint(4) DEFAULT NULL,
  `dose3_date` date DEFAULT NULL,
  `dose3_administrator` varchar(60) DEFAULT NULL
) ENGINE=InnoDB DEFAULT CHARSET=utf8mb4;

--
-- Dumping data for table `vac_rota_table`
--

INSERT INTO `vac_rota_table` (`rota_id`, `cid`, `dose1`, `dose1_date`, `dose1_administrator`, `dose2`, `dose2_date`, `dose2_administrator`, `dose3`, `dose3_date`, `dose3_administrator`) VALUES
(1, 1, 1, '2023-10-12', 'test1 test1', NULL, NULL, NULL, NULL, NULL, NULL),
(2, 20, 1, '2023-10-28', 'HAROLD ANGELO TALAGTAG', NULL, NULL, NULL, NULL, NULL, NULL),
(3, 22, 1, '2023-10-30', 'HAROLD ANGELO TALAGTAG', NULL, NULL, NULL, NULL, NULL, NULL),
(4, 27, 0, '0000-00-00', '', '0', NULL, NULL, 0, NULL, NULL),
(5, 28, 0, '0000-00-00', '', '', NULL, NULL, 0, NULL, NULL),
(6, 29, 0, '0000-00-00', '', '0', NULL, NULL, 0, NULL, NULL),
(7, 30, 0, '0000-00-00', '', '0', NULL, NULL, 0, NULL, NULL),
(8, 31, 0, '0000-00-00', '', '0', NULL, NULL, 0, NULL, NULL),
(9, 32, 0, '0000-00-00', '', '0', NULL, NULL, 0, NULL, NULL),
(10, 33, 0, '0000-00-00', '', '0', NULL, NULL, 0, NULL, NULL),
(11, 34, 0, '0000-00-00', '', '', NULL, NULL, 0, NULL, NULL),
(12, 34, 0, '0000-00-00', '', '', NULL, NULL, 0, NULL, NULL),
(13, 34, 0, '0000-00-00', '', '', NULL, NULL, 0, NULL, NULL),
(14, 37, 0, '0000-00-00', '', '0', NULL, NULL, 0, NULL, NULL),
(15, 38, 0, '0000-00-00', '', '0', NULL, NULL, 0, NULL, NULL),
(16, 39, 0, '0000-00-00', '', '0', NULL, NULL, 0, NULL, NULL),
(17, 40, 0, '0000-00-00', '', '0', NULL, NULL, 0, NULL, NULL),
(18, 41, 0, '0000-00-00', '', '0', NULL, NULL, 0, NULL, NULL),
(19, 41, 0, '0000-00-00', '', '0', NULL, NULL, 0, NULL, NULL),
(20, 41, 0, '0000-00-00', '', '0', NULL, NULL, 0, NULL, NULL),
(21, 41, 0, '0000-00-00', '', '0', NULL, NULL, 0, NULL, NULL),
(22, 47, 0, '0000-00-00', '', '0', NULL, NULL, 0, NULL, NULL),
(23, 48, 0, '0000-00-00', '', '0', NULL, NULL, 0, NULL, NULL),
(24, 49, 0, '0000-00-00', '', '0', NULL, NULL, 0, NULL, NULL),
(25, 50, 0, '0000-00-00', '', '0', NULL, NULL, 0, NULL, NULL),
(26, 51, 0, '0000-00-00', '', '0', NULL, NULL, 0, NULL, NULL),
(27, 52, 0, '0000-00-00', '', '0', NULL, NULL, 0, NULL, NULL),
(28, 53, 0, '0000-00-00', '', '0', NULL, NULL, 0, NULL, NULL),
(29, 54, 0, '0000-00-00', '', '0', NULL, NULL, 0, NULL, NULL),
(30, 55, 0, '0000-00-00', '', '0', NULL, NULL, 0, NULL, NULL),
(31, 56, 0, '0000-00-00', '', '0', NULL, NULL, 0, NULL, NULL),
(32, 57, 0, '0000-00-00', '', '0', NULL, NULL, 0, NULL, NULL),
(33, 58, 0, '0000-00-00', '', '0', NULL, NULL, 0, NULL, NULL),
(34, 59, 0, '0000-00-00', '', '0', NULL, NULL, 0, NULL, NULL),
(35, 60, 0, '0000-00-00', '', '0', NULL, NULL, 0, NULL, NULL),
(36, 61, 0, '0000-00-00', '', '0', NULL, NULL, 0, NULL, NULL),
(37, 62, 0, '0000-00-00', '', '0', NULL, NULL, 0, NULL, NULL),
(38, 63, 0, '0000-00-00', '', '0', NULL, NULL, 0, NULL, NULL),
(39, 64, 0, '0000-00-00', '', '0', NULL, NULL, 0, NULL, NULL),
(40, 65, 0, '0000-00-00', '', '0', NULL, NULL, 0, NULL, NULL),
(41, 65, 0, '0000-00-00', '', '0', NULL, NULL, 0, NULL, NULL),
(42, 67, 0, '0000-00-00', '', '0', NULL, NULL, 0, NULL, NULL),
(43, 67, 0, '0000-00-00', '', '0', NULL, NULL, 0, NULL, NULL),
(44, 69, 0, '0000-00-00', '', '0', NULL, NULL, 0, NULL, NULL),
(45, 70, 0, '0000-00-00', '', '0', NULL, NULL, 0, NULL, NULL),
(46, 71, 0, '0000-00-00', '', '0', NULL, NULL, 0, NULL, NULL),
(47, 72, 0, '0000-00-00', '', '0', NULL, NULL, 0, NULL, NULL),
(48, 27, 0, '0000-00-00', '', '0', NULL, NULL, 0, NULL, NULL),
(49, 74, 0, '0000-00-00', '', '0', NULL, NULL, 0, NULL, NULL),
(50, 74, 0, '0000-00-00', '', '0', NULL, NULL, 0, NULL, NULL),
(51, 76, 0, '0000-00-00', '', '0', NULL, NULL, 0, NULL, NULL),
(52, 77, 0, '0000-00-00', '', '0', NULL, NULL, 0, NULL, NULL),
(53, 78, 0, '0000-00-00', '', NULL, NULL, NULL, NULL, NULL, NULL),
(54, 78, 0, '0000-00-00', '', '0', NULL, NULL, NULL, NULL, NULL),
(55, 78, 0, '0000-00-00', '', NULL, NULL, NULL, 0, NULL, NULL),
(56, 79, 0, '0000-00-00', '', NULL, NULL, NULL, NULL, NULL, NULL),
(57, 79, 0, '0000-00-00', '', '0', NULL, NULL, NULL, NULL, NULL),
(58, 79, 0, '0000-00-00', '', NULL, NULL, NULL, 0, NULL, NULL),
(59, 79, 0, '0000-00-00', '', NULL, NULL, NULL, NULL, NULL, NULL),
(60, 79, 0, '0000-00-00', '', '0', NULL, NULL, NULL, NULL, NULL),
(61, 79, 0, '0000-00-00', '', NULL, NULL, NULL, 0, NULL, NULL),
(62, 81, 0, '0000-00-00', '', NULL, NULL, NULL, NULL, NULL, NULL),
(63, 81, 0, '0000-00-00', '', '0', NULL, NULL, NULL, NULL, NULL),
(64, 81, 0, '0000-00-00', '', NULL, NULL, NULL, 0, NULL, NULL),
(65, 82, 0, '0000-00-00', '', NULL, NULL, NULL, NULL, NULL, NULL),
(66, 82, 0, '0000-00-00', '', '0', NULL, NULL, NULL, NULL, NULL),
(67, 82, 0, '0000-00-00', '', NULL, NULL, NULL, 0, NULL, NULL),
(68, 83, 0, '0000-00-00', '', NULL, NULL, NULL, NULL, NULL, NULL),
(69, 83, 0, '0000-00-00', '', '0', NULL, NULL, NULL, NULL, NULL),
(70, 83, 0, '0000-00-00', '', NULL, NULL, NULL, 0, NULL, NULL),
(71, 84, 0, '0000-00-00', '', NULL, NULL, NULL, NULL, NULL, NULL),
(72, 84, 0, '0000-00-00', '', '0', NULL, NULL, NULL, NULL, NULL),
(73, 84, 0, '0000-00-00', '', NULL, NULL, NULL, 0, NULL, NULL),
(74, 85, 0, '0000-00-00', '', NULL, NULL, NULL, NULL, NULL, NULL),
(75, 85, 0, '0000-00-00', '', '', NULL, NULL, NULL, NULL, NULL),
(76, 85, 0, '0000-00-00', '', NULL, NULL, NULL, 0, NULL, NULL),
(77, 86, 0, '0000-00-00', '', NULL, NULL, NULL, NULL, NULL, NULL),
(78, 86, 0, '0000-00-00', '', '0', NULL, NULL, NULL, NULL, NULL),
(79, 86, 0, '0000-00-00', '', NULL, NULL, NULL, 0, NULL, NULL),
(80, 87, 0, '0000-00-00', '', NULL, NULL, NULL, NULL, NULL, NULL),
(81, 87, 0, '0000-00-00', '', '0', NULL, NULL, NULL, NULL, NULL),
(82, 87, 0, '0000-00-00', '', NULL, NULL, NULL, 0, NULL, NULL),
(83, 88, 0, '0000-00-00', '', NULL, NULL, NULL, NULL, NULL, NULL),
(84, 88, 0, '0000-00-00', '', '0', NULL, NULL, NULL, NULL, NULL),
(85, 88, 0, '0000-00-00', '', NULL, NULL, NULL, 0, NULL, NULL);

--
-- Indexes for dumped tables
--

--
-- Indexes for table `appointmenttable`
--
ALTER TABLE `appointmenttable`
  ADD PRIMARY KEY (`appt_id`),
  ADD KEY `userid` (`userid`),
  ADD KEY `cid` (`cid`),
  ADD KEY `vacid` (`vacid`) USING BTREE;

--
-- Indexes for table `childtable`
--
ALTER TABLE `childtable`
  ADD PRIMARY KEY (`cid`),
  ADD KEY `userid` (`userid`);

--
-- Indexes for table `vaccineinventory`
--
ALTER TABLE `vaccineinventory`
  ADD PRIMARY KEY (`vacid`);

--
-- Indexes for table `vac_bcg_table`
--
ALTER TABLE `vac_bcg_table`
  ADD PRIMARY KEY (`bcg_id`),
  ADD KEY `cid` (`cid`);

--
-- Indexes for table `vac_dtop_table`
--
ALTER TABLE `vac_dtop_table`
  ADD PRIMARY KEY (`dtop_id`),
  ADD KEY `cid` (`cid`);

--
-- Indexes for table `vac_hepa_table`
--
ALTER TABLE `vac_hepa_table`
  ADD PRIMARY KEY (`hepa_id`),
  ADD KEY `cid` (`cid`);

--
-- Indexes for table `vac_hepb_table`
--
ALTER TABLE `vac_hepb_table`
  ADD PRIMARY KEY (`hepb_id`),
  ADD KEY `cid` (`cid`);

--
-- Indexes for table `vac_hib_table`
--
ALTER TABLE `vac_hib_table`
  ADD PRIMARY KEY (`hib_id`),
  ADD KEY `cid` (`cid`);

--
-- Indexes for table `vac_influenza_table`
--
ALTER TABLE `vac_influenza_table`
  ADD PRIMARY KEY (`influenza_id`),
  ADD KEY `cid` (`cid`);

--
-- Indexes for table `vac_measles_table`
--
ALTER TABLE `vac_measles_table`
  ADD PRIMARY KEY (`measles_id`),
  ADD KEY `cid` (`cid`);

--
-- Indexes for table `vac_pcv_table`
--
ALTER TABLE `vac_pcv_table`
  ADD PRIMARY KEY (`pcv_id`),
  ADD KEY `cid` (`cid`);

--
-- Indexes for table `vac_polio_table`
--
ALTER TABLE `vac_polio_table`
  ADD PRIMARY KEY (`polio_id`),
  ADD KEY `cid` (`cid`);

--
-- Indexes for table `vac_rota_table`
--
ALTER TABLE `vac_rota_table`
  ADD PRIMARY KEY (`rota_id`),
  ADD KEY `cid` (`cid`);

--
-- AUTO_INCREMENT for dumped tables
--

--
-- AUTO_INCREMENT for table `appointmenttable`
--
ALTER TABLE `appointmenttable`
  MODIFY `appt_id` int(11) NOT NULL AUTO_INCREMENT, AUTO_INCREMENT=132;

--
-- AUTO_INCREMENT for table `childtable`
--
ALTER TABLE `childtable`
  MODIFY `cid` int(11) NOT NULL AUTO_INCREMENT, AUTO_INCREMENT=104;
COMMIT;

/*!40101 SET CHARACTER_SET_CLIENT=@OLD_CHARACTER_SET_CLIENT */;
/*!40101 SET CHARACTER_SET_RESULTS=@OLD_CHARACTER_SET_RESULTS */;
/*!40101 SET COLLATION_CONNECTION=@OLD_COLLATION_CONNECTION */;
